95.66603302955627,0.43751965276896954,0.05865051061846316,3.8377951830625534,C:/Users/wing/Desktop/datarealtrain/data-train-type2/val/glass/20190405_162134.jpg,0,0
1.2536689639091492,0.00598487640672829,0.0027666965252137743,98.73757362365723,C:/Users/wing/Desktop/datarealtrain/data-train-type2/val/glass/20190405_162217.jpg,3,0
77.03087329864502,1.0695727542042732,0.24388954043388367,21.655669808387756,C:/Users/wing/Desktop/datarealtrain/data-train-type2/val/glass/20190405_162242.jpg,0,0
17.086738348007202,0.11916616931557655,0.0014697091501147952,82.79262185096741,C:/Users/wing/Desktop/datarealtrain/data-train-type2/val/glass/glass100.jpg,3,0
97.64264822006226,0.28235153295099735,0.003962607297580689,2.0710451528429985,C:/Users/wing/Desktop/datarealtrain/data-train-type2/val/glass/glass102.jpg,0,0
88.66037130355835,0.10384618071839213,0.018612947314977646,11.217178404331207,C:/Users/wing/Desktop/datarealtrain/data-train-type2/val/glass/glass105.jpg,0,0
90.47936797142029,7.8143686056137085,0.009310147288488224,1.696963794529438,C:/Users/wing/Desktop/datarealtrain/data-train-type2/val/glass/glass106.jpg,0,0
84.3113124370575,1.8972380086779594,0.0004028781859233277,13.791048526763916,C:/Users/wing/Desktop/datarealtrain/data-train-type2/val/glass/glass113.jpg,0,0
97.02233076095581,0.41874926537275314,0.022028257080819458,2.5368906557559967,C:/Users/wing/Desktop/datarealtrain/data-train-type2/val/glass/glass135.jpg,0,0
94.8672354221344,2.2273411974310875,0.008639514271635562,2.8967782855033875,C:/Users/wing/Desktop/datarealtrain/data-train-type2/val/glass/glass14.jpg,0,0
33.43978226184845,0.9093551896512508,0.007445398659911007,65.64341187477112,C:/Users/wing/Desktop/datarealtrain/data-train-type2/val/glass/glass147.jpg,3,0
41.479671001434326,31.495368480682373,0.11887592263519764,26.9060879945755,C:/Users/wing/Desktop/datarealtrain/data-train-type2/val/glass/glass152.jpg,0,0
92.76976585388184,1.4022973366081715,0.3676528576761484,5.460280552506447,C:/Users/wing/Desktop/datarealtrain/data-train-type2/val/glass/glass153.jpg,0,0
92.29817986488342,3.3450011163949966,0.11347245890647173,4.243343695998192,C:/Users/wing/Desktop/datarealtrain/data-train-type2/val/glass/glass154.jpg,0,0
88.20658922195435,6.256397068500519,1.52537003159523,4.011646658182144,C:/Users/wing/Desktop/datarealtrain/data-train-type2/val/glass/glass168.jpg,0,0
99.35129284858704,0.14739201869815588,0.0037088691897224635,0.497608445584774,C:/Users/wing/Desktop/datarealtrain/data-train-type2/val/glass/glass169.jpg,0,0
89.20935392379761,0.14794095186516643,0.30582770705223083,10.336881130933762,C:/Users/wing/Desktop/datarealtrain/data-train-type2/val/glass/glass173.jpg,0,0
97.16432094573975,1.4900140464305878,0.1356157590635121,1.2100565247237682,C:/Users/wing/Desktop/datarealtrain/data-train-type2/val/glass/glass174.jpg,0,0
79.37432527542114,1.2883403338491917,0.1329280436038971,19.204410910606384,C:/Users/wing/Desktop/datarealtrain/data-train-type2/val/glass/glass18.jpg,0,0
96.61452174186707,0.10478002950549126,0.0027315823899698444,3.2779600471258163,C:/Users/wing/Desktop/datarealtrain/data-train-type2/val/glass/glass180.jpg,0,0
98.21844100952148,0.3735289443284273,0.014404744433704764,1.3936389237642288,C:/Users/wing/Desktop/datarealtrain/data-train-type2/val/glass/glass190.jpg,0,0
91.42957925796509,0.6783740594983101,0.029328165692277253,7.8627243638038635,C:/Users/wing/Desktop/datarealtrain/data-train-type2/val/glass/glass193.jpg,0,0
62.06826567649841,20.375607907772064,0.06432899390347302,17.49180555343628,C:/Users/wing/Desktop/datarealtrain/data-train-type2/val/glass/glass2.jpg,0,0
99.6338963508606,0.058699544752016664,0.0022487694877781905,0.30515878461301327,C:/Users/wing/Desktop/datarealtrain/data-train-type2/val/glass/glass250.jpg,0,0
90.95894694328308,0.4094226285815239,0.004743147292174399,8.626890927553177,C:/Users/wing/Desktop/datarealtrain/data-train-type2/val/glass/glass259.jpg,0,0
94.24626231193542,4.519994929432869,0.008718390017747879,1.225018035620451,C:/Users/wing/Desktop/datarealtrain/data-train-type2/val/glass/glass260.jpg,0,0
89.43468928337097,8.084455877542496,0.06538599263876677,2.415468916296959,C:/Users/wing/Desktop/datarealtrain/data-train-type2/val/glass/glass280.jpg,0,0
64.18789625167847,0.001773705480445642,2.2602830540563446e-05,35.81030070781708,C:/Users/wing/Desktop/datarealtrain/data-train-type2/val/glass/glass281.jpg,0,0
24.562670290470123,8.40977057814598,0.8540978655219078,66.17345809936523,C:/Users/wing/Desktop/datarealtrain/data-train-type2/val/glass/glass282.jpg,3,0
94.57434415817261,2.761615812778473,1.0826995596289635,1.5813454985618591,C:/Users/wing/Desktop/datarealtrain/data-train-type2/val/glass/glass284.jpg,0,0
98.26502203941345,0.0025674449716461822,0.0011603767234191764,1.7312539741396904,C:/Users/wing/Desktop/datarealtrain/data-train-type2/val/glass/glass313.jpg,0,0
88.1000280380249,11.250259727239609,0.10076909093186259,0.5489465780556202,C:/Users/wing/Desktop/datarealtrain/data-train-type2/val/glass/glass316.jpg,0,0
98.94021153450012,0.19733237568289042,0.07311603985726833,0.7893393747508526,C:/Users/wing/Desktop/datarealtrain/data-train-type2/val/glass/glass318.jpg,0,0
78.52248549461365,1.7371965572237968,0.006163282523630187,19.734159111976624,C:/Users/wing/Desktop/datarealtrain/data-train-type2/val/glass/glass322.jpg,0,0
63.77071738243103,5.428363382816315,0.0024473674784530886,30.798473954200745,C:/Users/wing/Desktop/datarealtrain/data-train-type2/val/glass/glass324.jpg,0,0
24.635250866413116,49.768227338790894,0.04355314886197448,25.55297315120697,C:/Users/wing/Desktop/datarealtrain/data-train-type2/val/glass/glass325.jpg,1,0
58.53400230407715,0.3976769745349884,0.0800621637608856,40.98825454711914,C:/Users/wing/Desktop/datarealtrain/data-train-type2/val/glass/glass328.jpg,0,0
67.0905351638794,22.0227912068367,0.02302346401847899,10.86365133523941,C:/Users/wing/Desktop/datarealtrain/data-train-type2/val/glass/glass329.jpg,0,0
74.95948076248169,0.10177511721849442,0.0007733425263722893,24.937966465950012,C:/Users/wing/Desktop/datarealtrain/data-train-type2/val/glass/glass335.jpg,0,0
95.20928263664246,0.08409295114688575,0.7217213977128267,3.9849013090133667,C:/Users/wing/Desktop/datarealtrain/data-train-type2/val/glass/glass347.jpg,0,0
96.70127034187317,2.327263355255127,0.0017520098481327295,0.969712994992733,C:/Users/wing/Desktop/datarealtrain/data-train-type2/val/glass/glass348.jpg,0,0
97.71948456764221,0.09499388397671282,0.00597861799178645,2.1795399487018585,C:/Users/wing/Desktop/datarealtrain/data-train-type2/val/glass/glass352.jpg,0,0
98.18577766418457,1.5038512647151947,0.0010327023119316436,0.30933732632547617,C:/Users/wing/Desktop/datarealtrain/data-train-type2/val/glass/glass357.jpg,0,0
57.22063183784485,33.18590521812439,0.016806949861347675,9.576654434204102,C:/Users/wing/Desktop/datarealtrain/data-train-type2/val/glass/glass358.jpg,0,0
35.516613721847534,0.2664979547262192,0.019448444072622806,64.19744491577148,C:/Users/wing/Desktop/datarealtrain/data-train-type2/val/glass/glass359.jpg,3,0
51.58133506774902,3.3515624701976776,0.0016157595382537693,45.065489411354065,C:/Users/wing/Desktop/datarealtrain/data-train-type2/val/glass/glass370.jpg,0,0
56.48906230926514,40.33627808094025,0.02608012582641095,3.148585930466652,C:/Users/wing/Desktop/datarealtrain/data-train-type2/val/glass/glass373.jpg,0,0
78.40044498443604,14.156474173069,3.212793543934822,4.230283945798874,C:/Users/wing/Desktop/datarealtrain/data-train-type2/val/glass/glass375.jpg,0,0
88.3191168308258,0.010382455366197973,0.06442756275646389,11.606080085039139,C:/Users/wing/Desktop/datarealtrain/data-train-type2/val/glass/glass383.jpg,0,0
88.28179836273193,8.625200390815735,0.9374918416142464,2.155502513051033,C:/Users/wing/Desktop/datarealtrain/data-train-type2/val/glass/glass385.jpg,0,0
98.28765988349915,0.351759628392756,0.02353599265916273,1.3370447792112827,C:/Users/wing/Desktop/datarealtrain/data-train-type2/val/glass/glass386.jpg,0,0
96.93610072135925,0.16982394736260176,0.0013942146324552596,2.8926776722073555,C:/Users/wing/Desktop/datarealtrain/data-train-type2/val/glass/glass406.jpg,0,0
84.16416645050049,14.679926633834839,0.00756253648432903,1.1483412235975266,C:/Users/wing/Desktop/datarealtrain/data-train-type2/val/glass/glass408.jpg,0,0
93.26504468917847,0.4554235376417637,0.002165749901905656,6.277365982532501,C:/Users/wing/Desktop/datarealtrain/data-train-type2/val/glass/glass409.jpg,0,0
99.80106949806213,0.12598102912306786,0.01253174850717187,0.06042359163984656,C:/Users/wing/Desktop/datarealtrain/data-train-type2/val/glass/glass414.jpg,0,0
92.59942770004272,0.613736966624856,0.007718473352724686,6.77911639213562,C:/Users/wing/Desktop/datarealtrain/data-train-type2/val/glass/glass415.jpg,0,0
47.789266705513,49.65294599533081,0.2798310248181224,2.2779596969485283,C:/Users/wing/Desktop/datarealtrain/data-train-type2/val/glass/glass416.jpg,1,0
89.81521129608154,1.0419461876153946,0.5684749223291874,8.574367314577103,C:/Users/wing/Desktop/datarealtrain/data-train-type2/val/glass/glass421.jpg,0,0
83.64315629005432,11.691482365131378,0.0991891254670918,4.566166549921036,C:/Users/wing/Desktop/datarealtrain/data-train-type2/val/glass/glass422.jpg,0,0
86.37620210647583,0.05799579084850848,0.081587431486696,13.484208285808563,C:/Users/wing/Desktop/datarealtrain/data-train-type2/val/glass/glass427.jpg,0,0
92.97142624855042,5.842408910393715,0.26958968956023455,0.91657480224967,C:/Users/wing/Desktop/datarealtrain/data-train-type2/val/glass/glass428.jpg,0,0
99.97822642326355,0.004700847784988582,3.0410433282668237e-05,0.01704725145827979,C:/Users/wing/Desktop/datarealtrain/data-train-type2/val/glass/glass43.jpg,0,0
29.893147945404053,33.05164277553558,0.025851951795630157,37.02935874462128,C:/Users/wing/Desktop/datarealtrain/data-train-type2/val/glass/glass439.jpg,3,0
88.25311660766602,5.620754137635231,0.2258660038933158,5.9002600610256195,C:/Users/wing/Desktop/datarealtrain/data-train-type2/val/glass/glass44.jpg,0,0
96.10093235969543,0.2384610939770937,0.006845208554295823,3.6537576466798782,C:/Users/wing/Desktop/datarealtrain/data-train-type2/val/glass/glass445.jpg,0,0
86.4812433719635,3.6693640053272247,0.00022888195871928474,9.849166870117188,C:/Users/wing/Desktop/datarealtrain/data-train-type2/val/glass/glass446.jpg,0,0
74.6475338935852,0.011050932516809553,6.237765433070308e-05,25.341352820396423,C:/Users/wing/Desktop/datarealtrain/data-train-type2/val/glass/glass451.jpg,0,0
34.49898660182953,0.002843538641172927,0.00017453921827836893,65.49798846244812,C:/Users/wing/Desktop/datarealtrain/data-train-type2/val/glass/glass455.jpg,3,0
98.05011749267578,0.05442085093818605,0.006717434735037386,1.8887382000684738,C:/Users/wing/Desktop/datarealtrain/data-train-type2/val/glass/glass456.jpg,0,0
24.406595528125763,0.40586073882877827,0.2688884036615491,74.9186635017395,C:/Users/wing/Desktop/datarealtrain/data-train-type2/val/glass/glass459.jpg,3,0
37.878772616386414,44.23150420188904,0.4130409099161625,17.476682364940643,C:/Users/wing/Desktop/datarealtrain/data-train-type2/val/glass/glass461.jpg,1,0
99.31387305259705,0.10628612944856286,0.0024101274902932346,0.5774234421551228,C:/Users/wing/Desktop/datarealtrain/data-train-type2/val/glass/glass467.jpg,0,0
58.51956605911255,19.021780788898468,5.143750831484795,17.314904928207397,C:/Users/wing/Desktop/datarealtrain/data-train-type2/val/glass/glass468.jpg,0,0
88.46763968467712,0.05712659331038594,0.006287819269346073,11.468937993049622,C:/Users/wing/Desktop/datarealtrain/data-train-type2/val/glass/glass469.jpg,0,0
97.39450216293335,2.0903857424855232,0.023851993319112808,0.4912697244435549,C:/Users/wing/Desktop/datarealtrain/data-train-type2/val/glass/glass47.jpg,0,0
72.96162247657776,1.520233042538166,0.06742979749105871,25.450700521469116,C:/Users/wing/Desktop/datarealtrain/data-train-type2/val/glass/glass470.jpg,0,0
59.92889404296875,0.18455410609021783,0.28765222523361444,39.59890902042389,C:/Users/wing/Desktop/datarealtrain/data-train-type2/val/glass/glass478.jpg,0,0
96.37274146080017,0.00766351877246052,0.001712370794848539,3.6178898066282272,C:/Users/wing/Desktop/datarealtrain/data-train-type2/val/glass/glass479.jpg,0,0
85.39305329322815,1.0225503705441952,1.5135333873331547,12.070870399475098,C:/Users/wing/Desktop/datarealtrain/data-train-type2/val/glass/glass48.jpg,0,0
95.59252262115479,3.3285200595855713,0.1091205864213407,0.969837699085474,C:/Users/wing/Desktop/datarealtrain/data-train-type2/val/glass/glass482.jpg,0,0
98.07418584823608,0.8681568317115307,0.03892890817951411,1.018725335597992,C:/Users/wing/Desktop/datarealtrain/data-train-type2/val/glass/glass483.jpg,0,0
99.83077049255371,0.04572483885567635,0.00045573769966722466,0.12305717682465911,C:/Users/wing/Desktop/datarealtrain/data-train-type2/val/glass/glass49.jpg,0,0
96.10669016838074,3.1144268810749054,0.0387812964618206,0.7400982547551394,C:/Users/wing/Desktop/datarealtrain/data-train-type2/val/glass/glass490.jpg,0,0
99.40628409385681,0.11490816250443459,0.00013504779872164363,0.4786726087331772,C:/Users/wing/Desktop/datarealtrain/data-train-type2/val/glass/glass491.jpg,0,0
98.47811460494995,1.424619648605585,0.00046038753680477384,0.09680698276497424,C:/Users/wing/Desktop/datarealtrain/data-train-type2/val/glass/glass495.jpg,0,0
57.4143648147583,0.05517565878108144,0.000380135702471307,42.53007173538208,C:/Users/wing/Desktop/datarealtrain/data-train-type2/val/glass/glass500.jpg,0,0
95.52637934684753,0.21245854441076517,0.021756644127890468,4.2394038289785385,C:/Users/wing/Desktop/datarealtrain/data-train-type2/val/glass/glass55.jpg,0,0
99.74912405014038,0.09336945367977023,0.0028789259886252694,0.1546261482872069,C:/Users/wing/Desktop/datarealtrain/data-train-type2/val/glass/glass6.jpg,0,0
89.25443291664124,7.677336037158966,0.34410087391734123,2.7241384610533714,C:/Users/wing/Desktop/datarealtrain/data-train-type2/val/glass/glass60.jpg,0,0
92.96504855155945,0.7075045257806778,0.016165219130925834,6.311279535293579,C:/Users/wing/Desktop/datarealtrain/data-train-type2/val/glass/glass73.jpg,0,0
95.27165293693542,1.0300938040018082,0.22164240945130587,3.476620092988014,C:/Users/wing/Desktop/datarealtrain/data-train-type2/val/glass/glass83.jpg,0,0
94.83758211135864,0.1024470548145473,0.003920666495105252,5.056038871407509,C:/Users/wing/Desktop/datarealtrain/data-train-type2/val/glass/glass94.jpg,0,0
94.0111756324768,0.9644023142755032,0.001093542141461512,5.023321509361267,C:/Users/wing/Desktop/datarealtrain/data-train-type2/val/glass/glass95.jpg,0,0
35.55779457092285,2.201014757156372,0.00019065095102632768,62.240999937057495,C:/Users/wing/Desktop/datarealtrain/data-train-type2/val/glass/glass97.jpg,3,0
38.17080557346344,47.14616239070892,0.1181833678856492,14.564849436283112,C:/Users/wing/Desktop/datarealtrain/data-train-type2/val/glass/glass98.jpg,1,0
50.79644322395325,0.7848771288990974,0.018634564185049385,48.40004742145538,C:/Users/wing/Desktop/datarealtrain/data-train-type2/val/glass/IMG_20190331_122158.jpg,0,0
1.3234980404376984,96.65173292160034,0.1683937618508935,1.8563751131296158,C:/Users/wing/Desktop/datarealtrain/data-train-type2/val/metal/IMG_20190331_121059.jpg,1,1
20.853649079799652,68.81406307220459,0.8390206843614578,9.49326604604721,C:/Users/wing/Desktop/datarealtrain/data-train-type2/val/metal/IMG_20190331_121536.jpg,1,1
52.760809659957886,19.857533276081085,0.15210362616926432,27.229556441307068,C:/Users/wing/Desktop/datarealtrain/data-train-type2/val/metal/IMG_20190331_121658.jpg,0,1
44.943055510520935,44.761475920677185,0.0031217685318551958,10.292341560125351,C:/Users/wing/Desktop/datarealtrain/data-train-type2/val/metal/metal101.jpg,0,1
10.318781435489655,87.46656775474548,0.03293051850050688,2.1817220374941826,C:/Users/wing/Desktop/datarealtrain/data-train-type2/val/metal/metal102.jpg,1,1
4.141577333211899,95.56792974472046,0.02592113451100886,0.2645706059411168,C:/Users/wing/Desktop/datarealtrain/data-train-type2/val/metal/metal103.jpg,1,1
48.074889183044434,50.923752784729004,0.037798681296408176,0.9635589085519314,C:/Users/wing/Desktop/datarealtrain/data-train-type2/val/metal/metal104.jpg,1,1
4.911529645323753,95.05448937416077,0.0006070674771763152,0.03336670342832804,C:/Users/wing/Desktop/datarealtrain/data-train-type2/val/metal/metal106.jpg,1,1
0.173153355717659,99.75959658622742,0.007014800939941779,0.060240033781155944,C:/Users/wing/Desktop/datarealtrain/data-train-type2/val/metal/metal109.jpg,1,1
2.9865439981222153,95.58586478233337,0.09492149110883474,1.3326724991202354,C:/Users/wing/Desktop/datarealtrain/data-train-type2/val/metal/metal110.jpg,1,1
6.373540312051773,93.09150576591492,0.07099423673935235,0.4639637656509876,C:/Users/wing/Desktop/datarealtrain/data-train-type2/val/metal/metal112.jpg,1,1
3.5533424466848373,96.20774388313293,0.005951298589934595,0.23296531289815903,C:/Users/wing/Desktop/datarealtrain/data-train-type2/val/metal/metal114.jpg,1,1
0.3520204219967127,98.02486300468445,0.21997573785483837,1.4031312428414822,C:/Users/wing/Desktop/datarealtrain/data-train-type2/val/metal/metal119.jpg,1,1
1.8437059596180916,97.85547852516174,0.05584201426245272,0.24496668484061956,C:/Users/wing/Desktop/datarealtrain/data-train-type2/val/metal/metal120.jpg,1,1
2.5187838822603226,81.23630881309509,7.4870482087135315,8.757863193750381,C:/Users/wing/Desktop/datarealtrain/data-train-type2/val/metal/metal122.jpg,1,1
0.029199148411862552,98.95752668380737,0.0020182989828754216,1.0112585499882698,C:/Users/wing/Desktop/datarealtrain/data-train-type2/val/metal/metal154.jpg,1,1
10.778381675481796,42.680299282073975,13.411150872707367,33.13016891479492,C:/Users/wing/Desktop/datarealtrain/data-train-type2/val/metal/metal161.jpg,1,1
0.3990111406892538,66.26878380775452,0.22994934115558863,33.102256059646606,C:/Users/wing/Desktop/datarealtrain/data-train-type2/val/metal/metal168.jpg,1,1
0.20497313234955072,99.73378777503967,0.004419252582010813,0.05682352930307388,C:/Users/wing/Desktop/datarealtrain/data-train-type2/val/metal/metal173.jpg,1,1
18.2817205786705,72.36728072166443,0.4820222035050392,8.868971467018127,C:/Users/wing/Desktop/datarealtrain/data-train-type2/val/metal/metal174.jpg,1,1
50.463902950286865,47.365280985832214,0.2613295568153262,1.9094908609986305,C:/Users/wing/Desktop/datarealtrain/data-train-type2/val/metal/metal175.jpg,0,1
1.2494644150137901,81.80859088897705,2.715383842587471,14.226563274860382,C:/Users/wing/Desktop/datarealtrain/data-train-type2/val/metal/metal176.jpg,1,1
4.768382757902145,85.04741787910461,0.06950677488930523,10.114691406488419,C:/Users/wing/Desktop/datarealtrain/data-train-type2/val/metal/metal178.jpg,1,1
1.3394766487181187,91.02583527565002,2.362397499382496,5.272289738059044,C:/Users/wing/Desktop/datarealtrain/data-train-type2/val/metal/metal19.jpg,1,1
44.711700081825256,0.7171313744038343,0.011827748676296324,54.55934405326843,C:/Users/wing/Desktop/datarealtrain/data-train-type2/val/metal/metal199.jpg,3,1
24.1534024477005,72.34941720962524,0.5613494198769331,2.9358377680182457,C:/Users/wing/Desktop/datarealtrain/data-train-type2/val/metal/metal20.jpg,1,1
6.536300480365753,89.6882951259613,0.5972363520413637,3.1781677156686783,C:/Users/wing/Desktop/datarealtrain/data-train-type2/val/metal/metal200.jpg,1,1
0.7353485561907291,98.67463707923889,0.011220396118005738,0.5787956994026899,C:/Users/wing/Desktop/datarealtrain/data-train-type2/val/metal/metal204.jpg,1,1
13.592132925987244,1.1662808246910572,0.01582500262884423,85.22576093673706,C:/Users/wing/Desktop/datarealtrain/data-train-type2/val/metal/metal205.jpg,3,1
20.4546719789505,74.86669421195984,0.019376871932763606,4.65925931930542,C:/Users/wing/Desktop/datarealtrain/data-train-type2/val/metal/metal206.jpg,1,1
16.282854974269867,29.206401109695435,0.08601811714470387,54.42473292350769,C:/Users/wing/Desktop/datarealtrain/data-train-type2/val/metal/metal210.jpg,3,1
6.543751806020737,10.261410474777222,0.010444142390042543,83.18439722061157,C:/Users/wing/Desktop/datarealtrain/data-train-type2/val/metal/metal214.jpg,3,1
3.263038769364357,84.00373458862305,0.043991307029500604,12.689235806465149,C:/Users/wing/Desktop/datarealtrain/data-train-type2/val/metal/metal215.jpg,1,1
2.1203359588980675,75.60298442840576,0.03118080203421414,22.245493531227112,C:/Users/wing/Desktop/datarealtrain/data-train-type2/val/metal/metal225.jpg,1,1
9.272360056638718,76.22846961021423,0.9745484218001366,13.524620234966278,C:/Users/wing/Desktop/datarealtrain/data-train-type2/val/metal/metal23.jpg,1,1
2.939329110085964,95.8005428314209,0.003903189644915983,1.2562251649796963,C:/Users/wing/Desktop/datarealtrain/data-train-type2/val/metal/metal235.jpg,1,1
9.836385399103165,74.32385683059692,0.22208932787179947,15.617670118808746,C:/Users/wing/Desktop/datarealtrain/data-train-type2/val/metal/metal24.jpg,1,1
30.435696244239807,28.370055556297302,1.5563790686428547,39.637866616249084,C:/Users/wing/Desktop/datarealtrain/data-train-type2/val/metal/metal240.jpg,3,1
2.124265395104885,93.22505593299866,0.04112152091693133,4.609557613730431,C:/Users/wing/Desktop/datarealtrain/data-train-type2/val/metal/metal241.jpg,1,1
1.3644485734403133,96.40183448791504,0.00470661761937663,2.2290151566267014,C:/Users/wing/Desktop/datarealtrain/data-train-type2/val/metal/metal242.jpg,1,1
0.47962828539311886,99.39418435096741,0.0008124970918288454,0.12537447037175298,C:/Users/wing/Desktop/datarealtrain/data-train-type2/val/metal/metal243.jpg,1,1
65.90928435325623,4.473264887928963,0.857323408126831,28.760123252868652,C:/Users/wing/Desktop/datarealtrain/data-train-type2/val/metal/metal244.jpg,0,1
0.7023091427981853,98.32696914672852,0.07914907182566822,0.8915793150663376,C:/Users/wing/Desktop/datarealtrain/data-train-type2/val/metal/metal251.jpg,1,1
31.14078938961029,66.80987477302551,0.15182526549324393,1.8975073471665382,C:/Users/wing/Desktop/datarealtrain/data-train-type2/val/metal/metal269.jpg,1,1
2.4029551073908806,90.31041264533997,0.2055208431556821,7.0811159908771515,C:/Users/wing/Desktop/datarealtrain/data-train-type2/val/metal/metal276.jpg,1,1
40.82930088043213,55.898916721343994,0.7835326716303825,2.488248236477375,C:/Users/wing/Desktop/datarealtrain/data-train-type2/val/metal/metal277.jpg,1,1
56.172120571136475,16.24895930290222,0.15761214308440685,27.421310544013977,C:/Users/wing/Desktop/datarealtrain/data-train-type2/val/metal/metal278.jpg,0,1
0.29116079676896334,99.3731677532196,0.10917281033471227,0.2264977665618062,C:/Users/wing/Desktop/datarealtrain/data-train-type2/val/metal/metal279.jpg,1,1
0.48504858277738094,98.13849925994873,0.055145681835711,1.321300771087408,C:/Users/wing/Desktop/datarealtrain/data-train-type2/val/metal/metal28.jpg,1,1
25.967326760292053,70.55467963218689,1.5044085681438446,1.973581500351429,C:/Users/wing/Desktop/datarealtrain/data-train-type2/val/metal/metal281.jpg,1,1
46.74657881259918,22.600209712982178,0.002074067924695555,30.651134252548218,C:/Users/wing/Desktop/datarealtrain/data-train-type2/val/metal/metal301.jpg,0,1
0.07519294158555567,89.58773016929626,9.482824802398682,0.8542448282241821,C:/Users/wing/Desktop/datarealtrain/data-train-type2/val/metal/metal306.jpg,1,1
0.3694467945024371,99.57666397094727,0.009535894059808925,0.04436383314896375,C:/Users/wing/Desktop/datarealtrain/data-train-type2/val/metal/metal309.jpg,1,1
2.611592411994934,88.65773677825928,0.34283564891666174,8.387844264507294,C:/Users/wing/Desktop/datarealtrain/data-train-type2/val/metal/metal31.jpg,1,1
28.39730978012085,52.7970552444458,0.02909623144660145,18.77654641866684,C:/Users/wing/Desktop/datarealtrain/data-train-type2/val/metal/metal311.jpg,1,1
9.779058396816254,34.712058305740356,0.33147153444588184,55.177414417266846,C:/Users/wing/Desktop/datarealtrain/data-train-type2/val/metal/metal318.jpg,3,1
0.003191312134731561,99.33445453643799,0.2996665658429265,0.36268713884055614,C:/Users/wing/Desktop/datarealtrain/data-train-type2/val/metal/metal321.jpg,1,1
0.558693427592516,99.24867153167725,0.0031615076295565814,0.1894746790640056,C:/Users/wing/Desktop/datarealtrain/data-train-type2/val/metal/metal328.jpg,1,1
6.40115886926651,90.32924771308899,0.2557756844907999,3.013818897306919,C:/Users/wing/Desktop/datarealtrain/data-train-type2/val/metal/metal331.jpg,1,1
2.029489539563656,96.02990746498108,0.0729603401850909,1.8676554784178734,C:/Users/wing/Desktop/datarealtrain/data-train-type2/val/metal/metal332.jpg,1,1
0.4268561489880085,99.41768646240234,0.05713821155950427,0.09832233190536499,C:/Users/wing/Desktop/datarealtrain/data-train-type2/val/metal/metal333.jpg,1,1
0.1632271334528923,73.57550263404846,3.672083467245102,22.589193284511566,C:/Users/wing/Desktop/datarealtrain/data-train-type2/val/metal/metal335.jpg,1,1
56.554192304611206,42.639705538749695,0.01748537615640089,0.7886171340942383,C:/Users/wing/Desktop/datarealtrain/data-train-type2/val/metal/metal338.jpg,0,1
1.6317559406161308,78.16165089607239,11.23998686671257,8.966606855392456,C:/Users/wing/Desktop/datarealtrain/data-train-type2/val/metal/metal339.jpg,1,1
11.613846570253372,87.23204135894775,0.18768509617075324,0.9664301760494709,C:/Users/wing/Desktop/datarealtrain/data-train-type2/val/metal/metal341.jpg,1,1
0.005718528336728923,73.59386682510376,0.7272342685610056,25.6731778383255,C:/Users/wing/Desktop/datarealtrain/data-train-type2/val/metal/metal342.jpg,1,1
16.742640733718872,76.91228985786438,0.5965962074697018,5.748475715517998,C:/Users/wing/Desktop/datarealtrain/data-train-type2/val/metal/metal343.jpg,1,1
22.29483723640442,69.3618655204773,0.08619328145869076,8.25711041688919,C:/Users/wing/Desktop/datarealtrain/data-train-type2/val/metal/metal345.jpg,1,1
32.622161507606506,15.987840294837952,0.14917703811079264,51.24082565307617,C:/Users/wing/Desktop/datarealtrain/data-train-type2/val/metal/metal35.jpg,3,1
2.570991776883602,92.43785738945007,0.002057820347545203,4.98909056186676,C:/Users/wing/Desktop/datarealtrain/data-train-type2/val/metal/metal368.jpg,1,1
90.13848304748535,3.2212909311056137,0.025684357387945056,6.614541262388229,C:/Users/wing/Desktop/datarealtrain/data-train-type2/val/metal/metal38.jpg,0,1
16.401034593582153,75.64966082572937,0.7125480100512505,7.236754894256592,C:/Users/wing/Desktop/datarealtrain/data-train-type2/val/metal/metal392.jpg,1,1
45.816320180892944,40.58547616004944,0.39467220194637775,13.203534483909607,C:/Users/wing/Desktop/datarealtrain/data-train-type2/val/metal/metal408.jpg,0,1
0.9575841948390007,98.47049713134766,0.0018253029338666238,0.5701018963009119,C:/Users/wing/Desktop/datarealtrain/data-train-type2/val/metal/metal41.jpg,1,1
91.36788845062256,6.281284987926483,0.000790529611549573,2.3500407114624977,C:/Users/wing/Desktop/datarealtrain/data-train-type2/val/metal/metal43.jpg,0,1
1.6297660768032074,98.17155003547668,0.015026841720100492,0.18365300493314862,C:/Users/wing/Desktop/datarealtrain/data-train-type2/val/metal/metal44.jpg,1,1
1.4646567404270172,97.58309721946716,0.012650815187953413,0.9395891800522804,C:/Users/wing/Desktop/datarealtrain/data-train-type2/val/metal/metal45.jpg,1,1
0.39332625456154346,66.74396395683289,6.856352835893631,26.00635290145874,C:/Users/wing/Desktop/datarealtrain/data-train-type2/val/metal/metal73.jpg,1,1
4.247898980975151,93.8335120677948,0.9946366772055626,0.9239637292921543,C:/Users/wing/Desktop/datarealtrain/data-train-type2/val/metal/metal76.jpg,1,1
31.959185004234314,60.819900035858154,0.42305295355618,6.7978546023368835,C:/Users/wing/Desktop/datarealtrain/data-train-type2/val/metal/metal81.jpg,1,1
8.891651034355164,13.878174126148224,1.5658920630812645,75.6642758846283,C:/Users/wing/Desktop/datarealtrain/data-train-type2/val/metal/metal82.jpg,3,1
54.04077768325806,7.710175961256027,1.023364346474409,37.225690484046936,C:/Users/wing/Desktop/datarealtrain/data-train-type2/val/metal/metal83.jpg,0,1
17.717476189136505,72.85929322242737,0.7537158206105232,8.669513463973999,C:/Users/wing/Desktop/datarealtrain/data-train-type2/val/metal/metal9.jpg,1,1
28.696209192276,69.51722502708435,0.04899431951344013,1.7375733703374863,C:/Users/wing/Desktop/datarealtrain/data-train-type2/val/metal/metal98.jpg,1,1
55.039095878601074,39.50602114200592,0.06901983870193362,5.385866761207581,C:/Users/wing/Desktop/datarealtrain/data-train-type2/val/metal/metal99.jpg,0,1
1.6941456124186516,2.32363510876894,93.74279975891113,2.239418216049671,C:/Users/wing/Desktop/datarealtrain/data-train-type2/val/organic/20190405_162439.jpg,2,2
1.3718479312956333,0.6996063981205225,82.54572749137878,15.382815897464752,C:/Users/wing/Desktop/datarealtrain/data-train-type2/val/organic/20190405_162526.jpg,2,2
1.8291490152478218,0.03129064862150699,1.6987675800919533,96.44079208374023,C:/Users/wing/Desktop/datarealtrain/data-train-type2/val/organic/20190405_171624.jpg,3,2
0.6851122714579105,0.06815186352469027,45.723530650138855,53.52320075035095,C:/Users/wing/Desktop/datarealtrain/data-train-type2/val/organic/20190405_171709.jpg,3,2
48.65158796310425,1.473628357052803,46.08911573886871,3.7856683135032654,C:/Users/wing/Desktop/datarealtrain/data-train-type2/val/organic/20190405_184203.jpg,0,2
0.22188241127878428,0.11700568720698357,99.45645332336426,0.2046569250524044,C:/Users/wing/Desktop/datarealtrain/data-train-type2/val/organic/20190405_184220.jpg,2,2
0.9849517606198788,0.09053612593561411,67.02314019203186,31.9013774394989,C:/Users/wing/Desktop/datarealtrain/data-train-type2/val/organic/20190405_191054.jpg,2,2
1.1708986945450306,10.581433027982712,86.28472685813904,1.9629333168268204,C:/Users/wing/Desktop/datarealtrain/data-train-type2/val/organic/cardboard133.jpg,2,2
14.694669842720032,4.000373929738998,57.787102460861206,23.517848551273346,C:/Users/wing/Desktop/datarealtrain/data-train-type2/val/organic/organic11.jpg,2,2
0.036721795913763344,0.2031106734648347,97.43289947509766,2.3272668942809105,C:/Users/wing/Desktop/datarealtrain/data-train-type2/val/organic/organic12.jpg,2,2
0.010958929487969726,0.0026736719519249164,99.80237483978271,0.18398938700556755,C:/Users/wing/Desktop/datarealtrain/data-train-type2/val/organic/organic26.jpg,2,2
0.07151258760131896,0.0035929359000874683,91.60100221633911,8.32388922572136,C:/Users/wing/Desktop/datarealtrain/data-train-type2/val/organic/organic27.jpg,2,2
0.8023516274988651,0.06117818993516266,86.63303852081299,12.503427267074585,C:/Users/wing/Desktop/datarealtrain/data-train-type2/val/organic/organic30.jpg,2,2
0.04522140079643577,0.021784278214909136,98.49227666854858,1.4407183043658733,C:/Users/wing/Desktop/datarealtrain/data-train-type2/val/organic/organic32.jpg,2,2
9.452072530984879,11.012907326221466,15.715484321117401,63.81953954696655,C:/Users/wing/Desktop/datarealtrain/data-train-type2/val/organic/organic41.jpg,3,2
15.786020457744598,29.671481251716614,1.5127092599868774,53.02978754043579,C:/Users/wing/Desktop/datarealtrain/data-train-type2/val/organic/organic43.jpg,3,2
2.26550605148077,0.101918273139745,81.93359375,15.698981285095215,C:/Users/wing/Desktop/datarealtrain/data-train-type2/val/organic/organic5.jpg,2,2
1.0547182522714138,5.875704064965248,92.22343564033508,0.8461421355605125,C:/Users/wing/Desktop/datarealtrain/data-train-type2/val/organic/organic51.jpg,2,2
3.263077512383461,1.2190508656203747,66.73321723937988,28.784656524658203,C:/Users/wing/Desktop/datarealtrain/data-train-type2/val/organic/organic53.jpg,2,2
0.9476300328969955,0.7510016672313213,97.59266972541809,0.7087052334100008,C:/Users/wing/Desktop/datarealtrain/data-train-type2/val/organic/organic647.jpg,2,2
0.3690025769174099,5.566002428531647,93.67448091506958,0.3905182471498847,C:/Users/wing/Desktop/datarealtrain/data-train-type2/val/organic/organic654.jpg,2,2
0.05380366928875446,1.9323768094182014,96.31897211074829,1.6948509961366653,C:/Users/wing/Desktop/datarealtrain/data-train-type2/val/organic/organic655.jpg,2,2
45.194318890571594,36.7537260055542,6.912548094987869,11.139409989118576,C:/Users/wing/Desktop/datarealtrain/data-train-type2/val/organic/organic671.jpg,0,2
1.05383126065135,4.231702163815498,49.007803201675415,45.70665955543518,C:/Users/wing/Desktop/datarealtrain/data-train-type2/val/organic/organic675.jpg,2,2
2.813813276588917,32.39598572254181,58.52671265602112,6.263488531112671,C:/Users/wing/Desktop/datarealtrain/data-train-type2/val/organic/organic691.jpg,2,2
0.9258424863219261,6.815503537654877,91.05972647666931,1.1989190243184566,C:/Users/wing/Desktop/datarealtrain/data-train-type2/val/organic/organic693.jpg,2,2
0.07770969532430172,26.781392097473145,70.46065330505371,2.6802456006407738,C:/Users/wing/Desktop/datarealtrain/data-train-type2/val/organic/organic705.jpg,2,2
0.2820436377078295,0.007906413520686328,97.87572026252747,1.8343262374401093,C:/Users/wing/Desktop/datarealtrain/data-train-type2/val/organic/organic706.jpg,2,2
6.770937889814377,4.361717775464058,8.212900161743164,80.65444231033325,C:/Users/wing/Desktop/datarealtrain/data-train-type2/val/organic/organic711.jpg,3,2
0.0685884093400091,0.023374430020339787,99.49085116386414,0.4171851556748152,C:/Users/wing/Desktop/datarealtrain/data-train-type2/val/organic/organic715.jpg,2,2
23.173993825912476,3.5797327756881714,1.9333893433213234,71.31288647651672,C:/Users/wing/Desktop/datarealtrain/data-train-type2/val/organic/organic716.jpg,3,2
64.07133936882019,15.214329957962036,5.328445881605148,15.385892987251282,C:/Users/wing/Desktop/datarealtrain/data-train-type2/val/organic/organic722.jpg,0,2
0.6779605988413095,1.4502453617751598,68.78303289413452,29.088759422302246,C:/Users/wing/Desktop/datarealtrain/data-train-type2/val/organic/organic725.jpg,2,2
53.912872076034546,32.338547706604004,2.062712050974369,11.685870587825775,C:/Users/wing/Desktop/datarealtrain/data-train-type2/val/organic/organic727.jpg,0,2
15.81093817949295,69.1904604434967,9.296385198831558,5.702217295765877,C:/Users/wing/Desktop/datarealtrain/data-train-type2/val/organic/organic730.jpg,1,2
2.38784346729517,24.881117045879364,25.841739773750305,46.889299154281616,C:/Users/wing/Desktop/datarealtrain/data-train-type2/val/organic/organic733.jpg,3,2
9.046129137277603,0.0010881037269427907,1.4607190154492855,89.49205875396729,C:/Users/wing/Desktop/datarealtrain/data-train-type2/val/organic/organic734.jpg,3,2
0.2334726508706808,0.14869921142235398,95.4477608203888,4.170060530304909,C:/Users/wing/Desktop/datarealtrain/data-train-type2/val/organic/organic735.jpg,2,2
2.305479161441326,0.7440833374857903,71.15731239318848,25.793132185935974,C:/Users/wing/Desktop/datarealtrain/data-train-type2/val/organic/organic736.jpg,2,2
5.471602827310562,34.85082685947418,23.421022295951843,36.25654876232147,C:/Users/wing/Desktop/datarealtrain/data-train-type2/val/organic/organic743.jpg,3,2
1.9078448414802551,3.2215140759944916,89.50942158699036,5.361225828528404,C:/Users/wing/Desktop/datarealtrain/data-train-type2/val/organic/organic749.jpg,2,2
9.866740554571152,70.15184760093689,5.1196180284023285,14.86179381608963,C:/Users/wing/Desktop/datarealtrain/data-train-type2/val/organic/organic750.jpg,1,2
1.0495156049728394,95.74741125106812,0.20776258315891027,2.9953114688396454,C:/Users/wing/Desktop/datarealtrain/data-train-type2/val/organic/organic760.jpg,1,2
2.762053534388542,3.929246962070465,82.69953727722168,10.60916855931282,C:/Users/wing/Desktop/datarealtrain/data-train-type2/val/organic/organic761.jpg,2,2
1.8581893295049667,0.1022747135721147,89.92389440536499,8.11564177274704,C:/Users/wing/Desktop/datarealtrain/data-train-type2/val/organic/organic764.jpg,2,2
0.28854142874479294,0.8530884049832821,98.66597652435303,0.1923851785250008,C:/Users/wing/Desktop/datarealtrain/data-train-type2/val/organic/organic767.jpg,2,2
0.8511543273925781,29.768401384353638,18.31384301185608,51.06660723686218,C:/Users/wing/Desktop/datarealtrain/data-train-type2/val/organic/organic778.jpg,3,2
1.6570007428526878,3.5252325236797333,82.21561312675476,12.602150440216064,C:/Users/wing/Desktop/datarealtrain/data-train-type2/val/organic/organic779.jpg,2,2
0.3973057959228754,0.19639497622847557,94.28766965866089,5.118625238537788,C:/Users/wing/Desktop/datarealtrain/data-train-type2/val/organic/paper191.jpg,2,2
2.7498874813318253,8.493262529373169,58.39552879333496,30.361318588256836,C:/Users/wing/Desktop/datarealtrain/data-train-type2/val/organic/paper192.jpg,2,2
1.112985983490944,6.227726116776466,81.03816509246826,11.62111759185791,C:/Users/wing/Desktop/datarealtrain/data-train-type2/val/organic/paper196.jpg,2,2
81.91342353820801,0.5744112655520439,6.617504358291626,10.894658416509628,C:/Users/wing/Desktop/datarealtrain/data-train-type2/val/organic/paper574.jpg,0,2
3.3816110342741013,0.07575825438834727,11.155620217323303,85.3870153427124,C:/Users/wing/Desktop/datarealtrain/data-train-type2/val/plastic/plastic100.jpg,3,3
19.927969574928284,31.453636288642883,0.3769536502659321,48.24144244194031,C:/Users/wing/Desktop/datarealtrain/data-train-type2/val/plastic/plastic107.jpg,3,3
37.90198266506195,0.014978418766986579,0.02138523996109143,62.06165552139282,C:/Users/wing/Desktop/datarealtrain/data-train-type2/val/plastic/plastic108.jpg,3,3
4.4264912605285645,0.024239836784545332,0.006377700628945604,95.5428957939148,C:/Users/wing/Desktop/datarealtrain/data-train-type2/val/plastic/plastic112.jpg,3,3
6.286989897489548,0.0648996268864721,0.011941770208068192,93.63617300987244,C:/Users/wing/Desktop/datarealtrain/data-train-type2/val/plastic/plastic113.jpg,3,3
5.512498319149017,0.03829682827927172,0.04150457971263677,94.40770745277405,C:/Users/wing/Desktop/datarealtrain/data-train-type2/val/plastic/plastic115.jpg,3,3
4.332997649908066,0.05284626968204975,0.09938373696058989,95.51477432250977,C:/Users/wing/Desktop/datarealtrain/data-train-type2/val/plastic/plastic124.jpg,3,3
22.56041020154953,0.8378531783819199,0.049561564810574055,76.5521764755249,C:/Users/wing/Desktop/datarealtrain/data-train-type2/val/plastic/plastic128.jpg,3,3
2.0530471578240395,2.8821416199207306,0.20884396508336067,94.85596418380737,C:/Users/wing/Desktop/datarealtrain/data-train-type2/val/plastic/plastic139.jpg,3,3
45.216235518455505,7.403774559497833,3.9026420563459396,43.47735345363617,C:/Users/wing/Desktop/datarealtrain/data-train-type2/val/plastic/plastic141.jpg,0,3
3.1924214214086533,4.837733879685402,0.028797509730793536,91.94104671478271,C:/Users/wing/Desktop/datarealtrain/data-train-type2/val/plastic/plastic145.jpg,3,3
22.31433540582657,2.621273323893547,0.16984643880277872,74.8945415019989,C:/Users/wing/Desktop/datarealtrain/data-train-type2/val/plastic/plastic147.jpg,3,3
3.8684602826833725,0.18992768600583076,0.0007391662165900925,95.9408700466156,C:/Users/wing/Desktop/datarealtrain/data-train-type2/val/plastic/plastic148.jpg,3,3
1.1111920699477196,0.3454407909885049,18.30054521560669,80.24282455444336,C:/Users/wing/Desktop/datarealtrain/data-train-type2/val/plastic/plastic15.jpg,3,3
23.963917791843414,0.5580051802098751,0.2656401367858052,75.21243691444397,C:/Users/wing/Desktop/datarealtrain/data-train-type2/val/plastic/plastic150.jpg,3,3
3.6815576255321503,0.006223575473995879,8.140770546560816e-05,96.31213545799255,C:/Users/wing/Desktop/datarealtrain/data-train-type2/val/plastic/plastic151.jpg,3,3
3.0273672193288803,0.05349165294319391,0.029304466443136334,96.88984155654907,C:/Users/wing/Desktop/datarealtrain/data-train-type2/val/plastic/plastic178.jpg,3,3
18.776454031467438,0.02997158153448254,0.31454809941351414,80.87903261184692,C:/Users/wing/Desktop/datarealtrain/data-train-type2/val/plastic/plastic179.jpg,3,3
11.591681092977524,0.021178637689445168,0.05291678826324642,88.33422064781189,C:/Users/wing/Desktop/datarealtrain/data-train-type2/val/plastic/plastic185.jpg,3,3
10.962697118520737,0.8875623345375061,0.031198098440654576,88.11854720115662,C:/Users/wing/Desktop/datarealtrain/data-train-type2/val/plastic/plastic191.jpg,3,3
36.83028221130371,0.6233211606740952,0.1857937895692885,62.360596656799316,C:/Users/wing/Desktop/datarealtrain/data-train-type2/val/plastic/plastic202.jpg,3,3
0.825596135109663,0.06372789503075182,0.1966007286682725,98.91407489776611,C:/Users/wing/Desktop/datarealtrain/data-train-type2/val/plastic/plastic203.jpg,3,3
66.06045961380005,10.375038534402847,0.38158767856657505,23.18292260169983,C:/Users/wing/Desktop/datarealtrain/data-train-type2/val/plastic/plastic215.jpg,0,3
6.291154772043228,1.7155451700091362,44.334250688552856,47.65905737876892,C:/Users/wing/Desktop/datarealtrain/data-train-type2/val/plastic/plastic216.jpg,3,3
0.6586085539311171,0.1486163935624063,0.03033123502973467,99.16244149208069,C:/Users/wing/Desktop/datarealtrain/data-train-type2/val/plastic/plastic218.jpg,3,3
27.114146947860718,0.5176249425858259,0.3610339015722275,72.00719118118286,C:/Users/wing/Desktop/datarealtrain/data-train-type2/val/plastic/plastic224.jpg,3,3
42.22194254398346,0.3849825356155634,0.02717289316933602,57.36590027809143,C:/Users/wing/Desktop/datarealtrain/data-train-type2/val/plastic/plastic226.jpg,3,3
24.494755268096924,5.39487712085247,0.003992415076936595,70.10636925697327,C:/Users/wing/Desktop/datarealtrain/data-train-type2/val/plastic/plastic227.jpg,3,3
16.888371109962463,9.03511717915535,0.5594626069068909,73.51704239845276,C:/Users/wing/Desktop/datarealtrain/data-train-type2/val/plastic/plastic229.jpg,3,3
0.05571090732701123,0.027123221661895514,0.225236383266747,99.69192743301392,C:/Users/wing/Desktop/datarealtrain/data-train-type2/val/plastic/plastic23.jpg,3,3
22.385351359844208,0.7403100375086069,0.026959259412251413,76.84738039970398,C:/Users/wing/Desktop/datarealtrain/data-train-type2/val/plastic/plastic230.jpg,3,3
2.0392492413520813,0.02416253846604377,0.37699081003665924,97.55959510803223,C:/Users/wing/Desktop/datarealtrain/data-train-type2/val/plastic/plastic233.jpg,3,3
0.4631724674254656,0.004464581797947176,0.16716544050723314,99.36519861221313,C:/Users/wing/Desktop/datarealtrain/data-train-type2/val/plastic/plastic234.jpg,3,3
14.074049890041351,1.9283182919025421,19.66610997915268,64.33152556419373,C:/Users/wing/Desktop/datarealtrain/data-train-type2/val/plastic/plastic235.jpg,3,3
31.293857097625732,60.47024130821228,0.07596976938657463,8.159925788640976,C:/Users/wing/Desktop/datarealtrain/data-train-type2/val/plastic/plastic238.jpg,1,3
0.5122482776641846,0.018202912178821862,0.004604664718499407,99.46494698524475,C:/Users/wing/Desktop/datarealtrain/data-train-type2/val/plastic/plastic243.jpg,3,3
2.754947356879711,0.001244225222762907,0.0002970824425574392,97.24350571632385,C:/Users/wing/Desktop/datarealtrain/data-train-type2/val/plastic/plastic244.jpg,3,3
4.046165570616722,0.03659542708192021,0.16267619794234633,95.75456380844116,C:/Users/wing/Desktop/datarealtrain/data-train-type2/val/plastic/plastic245.jpg,3,3
5.984772369265556,1.7265575006604195,0.07166960858739913,92.21699833869934,C:/Users/wing/Desktop/datarealtrain/data-train-type2/val/plastic/plastic258.jpg,3,3
24.395941197872162,0.11837597703561187,0.16029929975047708,75.32538175582886,C:/Users/wing/Desktop/datarealtrain/data-train-type2/val/plastic/plastic262.jpg,3,3
13.880175352096558,40.62972962856293,0.20588042680174112,45.28421759605408,C:/Users/wing/Desktop/datarealtrain/data-train-type2/val/plastic/plastic263.jpg,3,3
2.1032171323895454,0.011472632468212396,0.00039073502193787135,97.88491725921631,C:/Users/wing/Desktop/datarealtrain/data-train-type2/val/plastic/plastic271.jpg,3,3
1.5901779755949974,0.41269315406680107,0.04974477342329919,97.9473888874054,C:/Users/wing/Desktop/datarealtrain/data-train-type2/val/plastic/plastic272.jpg,3,3
45.79913020133972,44.44650411605835,0.05953038344159722,9.69482958316803,C:/Users/wing/Desktop/datarealtrain/data-train-type2/val/plastic/plastic273.jpg,0,3
1.112692430615425,0.354354758746922,0.46107303351163864,98.07188510894775,C:/Users/wing/Desktop/datarealtrain/data-train-type2/val/plastic/plastic290.jpg,3,3
0.03257024800404906,0.09142587659880519,0.004054358578287065,99.8719573020935,C:/Users/wing/Desktop/datarealtrain/data-train-type2/val/plastic/plastic294.jpg,3,3
2.6823455467820168,0.15984978526830673,0.0029082379114697687,97.15489149093628,C:/Users/wing/Desktop/datarealtrain/data-train-type2/val/plastic/plastic298.jpg,3,3
35.30631065368652,12.587425112724304,1.015582773834467,51.090675592422485,C:/Users/wing/Desktop/datarealtrain/data-train-type2/val/plastic/plastic303.jpg,3,3
14.194509387016296,1.0801944881677628,0.4314118064939976,84.29388403892517,C:/Users/wing/Desktop/datarealtrain/data-train-type2/val/plastic/plastic304.jpg,3,3
39.24543857574463,41.87827110290527,0.07551258895546198,18.800775706768036,C:/Users/wing/Desktop/datarealtrain/data-train-type2/val/plastic/plastic306.jpg,1,3
4.75381575524807,1.637372188270092,0.24036443792283535,93.36844682693481,C:/Users/wing/Desktop/datarealtrain/data-train-type2/val/plastic/plastic307.jpg,3,3
1.8827762454748154,0.022234150674194098,0.0006536245109600713,98.09433817863464,C:/Users/wing/Desktop/datarealtrain/data-train-type2/val/plastic/plastic308.jpg,3,3
2.484317682683468,2.595079503953457,0.0033594562410144135,94.91723775863647,C:/Users/wing/Desktop/datarealtrain/data-train-type2/val/plastic/plastic317.jpg,3,3
15.49912542104721,0.05643728654831648,0.021373142953962088,84.4230592250824,C:/Users/wing/Desktop/datarealtrain/data-train-type2/val/plastic/plastic318.jpg,3,3
1.95181705057621,0.1143075292930007,0.008377520862268284,97.92550206184387,C:/Users/wing/Desktop/datarealtrain/data-train-type2/val/plastic/plastic335.jpg,3,3
0.2566459821537137,0.06782513810321689,0.0008412324859818909,99.67468976974487,C:/Users/wing/Desktop/datarealtrain/data-train-type2/val/plastic/plastic336.jpg,3,3
4.763169586658478,0.010169100278289989,0.0005924525794398505,95.2260673046112,C:/Users/wing/Desktop/datarealtrain/data-train-type2/val/plastic/plastic347.jpg,3,3
8.6499884724617,0.10048554977402091,0.014509598258882761,91.23501777648926,C:/Users/wing/Desktop/datarealtrain/data-train-type2/val/plastic/plastic348.jpg,3,3
16.064083576202393,0.01089228389901109,0.00044210278247192036,83.9245855808258,C:/Users/wing/Desktop/datarealtrain/data-train-type2/val/plastic/plastic349.jpg,3,3
2.36649326980114,0.3758801147341728,0.0047596560762031,97.25286364555359,C:/Users/wing/Desktop/datarealtrain/data-train-type2/val/plastic/plastic352.jpg,3,3
6.340029090642929,0.1552752684801817,0.00253025718848221,93.50215792655945,C:/Users/wing/Desktop/datarealtrain/data-train-type2/val/plastic/plastic354.jpg,3,3
54.10059094429016,19.70590502023697,0.46228724531829357,25.731217861175537,C:/Users/wing/Desktop/datarealtrain/data-train-type2/val/plastic/plastic356.jpg,0,3
13.107433915138245,0.5719966255128384,0.0008026514478842728,86.31976246833801,C:/Users/wing/Desktop/datarealtrain/data-train-type2/val/plastic/plastic36.jpg,3,3
15.329192578792572,68.51550340652466,4.0577467530965805,12.09755763411522,C:/Users/wing/Desktop/datarealtrain/data-train-type2/val/plastic/plastic360.jpg,1,3
2.3694466799497604,0.006952099647605792,0.0016189162124646828,97.62198328971863,C:/Users/wing/Desktop/datarealtrain/data-train-type2/val/plastic/plastic362.jpg,3,3
1.7475685104727745,1.7981035634875298,0.19380055600777268,96.26052379608154,C:/Users/wing/Desktop/datarealtrain/data-train-type2/val/plastic/plastic366.jpg,3,3
8.789189159870148,7.443157583475113,0.7153691258281469,83.05228352546692,C:/Users/wing/Desktop/datarealtrain/data-train-type2/val/plastic/plastic372.jpg,3,3
26.726141571998596,0.015798339154571295,0.0038760568713769317,73.25418591499329,C:/Users/wing/Desktop/datarealtrain/data-train-type2/val/plastic/plastic38.jpg,3,3
11.385907977819443,15.298359096050262,2.0083528012037277,71.30737900733948,C:/Users/wing/Desktop/datarealtrain/data-train-type2/val/plastic/plastic392.jpg,3,3
1.3544845394790173,0.09249497088603675,0.01178537349915132,98.54122996330261,C:/Users/wing/Desktop/datarealtrain/data-train-type2/val/plastic/plastic393.jpg,3,3
17.014406621456146,0.7347479462623596,0.001341275765298633,82.24950432777405,C:/Users/wing/Desktop/datarealtrain/data-train-type2/val/plastic/plastic403.jpg,3,3
10.787878930568695,0.06306258728727698,0.011524971341714263,89.13753032684326,C:/Users/wing/Desktop/datarealtrain/data-train-type2/val/plastic/plastic409.jpg,3,3
10.342267155647278,83.62377882003784,1.1188037693500519,4.915151372551918,C:/Users/wing/Desktop/datarealtrain/data-train-type2/val/plastic/plastic414.jpg,1,3
29.43996787071228,25.93453824520111,0.00729608436813578,44.61820125579834,C:/Users/wing/Desktop/datarealtrain/data-train-type2/val/plastic/plastic415.jpg,3,3
3.2964594662189484,17.01369285583496,0.008826170233078301,79.68102693557739,C:/Users/wing/Desktop/datarealtrain/data-train-type2/val/plastic/plastic419.jpg,3,3
5.689465254545212,3.344067558646202,0.03385406453162432,90.93261361122131,C:/Users/wing/Desktop/datarealtrain/data-train-type2/val/plastic/plastic425.jpg,3,3
5.521845817565918,2.2658994421362877,0.024422741262242198,92.18783378601074,C:/Users/wing/Desktop/datarealtrain/data-train-type2/val/plastic/plastic449.jpg,3,3
7.3419637978076935,3.0233656987547874,0.0719113857485354,89.56275582313538,C:/Users/wing/Desktop/datarealtrain/data-train-type2/val/plastic/plastic452.jpg,3,3
3.835434839129448,0.243305298499763,0.014168443158268929,95.90709209442139,C:/Users/wing/Desktop/datarealtrain/data-train-type2/val/plastic/plastic453.jpg,3,3
5.08098267018795,0.3464461537078023,0.09297690121456981,94.47959661483765,C:/Users/wing/Desktop/datarealtrain/data-train-type2/val/plastic/plastic46.jpg,3,3
52.02651023864746,0.41401609778404236,0.020122832211200148,47.539347410202026,C:/Users/wing/Desktop/datarealtrain/data-train-type2/val/plastic/plastic463.jpg,0,3
27.127519249916077,3.974432498216629,3.4477751702070236,65.45027494430542,C:/Users/wing/Desktop/datarealtrain/data-train-type2/val/plastic/plastic466.jpg,3,3
1.2119538150727749,0.16114477766677737,0.1704204361885786,98.45647811889648,C:/Users/wing/Desktop/datarealtrain/data-train-type2/val/plastic/plastic467.jpg,3,3
61.94981932640076,4.5930564403533936,0.10697564575821161,33.35014283657074,C:/Users/wing/Desktop/datarealtrain/data-train-type2/val/plastic/plastic477.jpg,0,3
1.653365045785904,0.07151148747652769,0.00048147958295885473,98.27463626861572,C:/Users/wing/Desktop/datarealtrain/data-train-type2/val/plastic/plastic479.jpg,3,3
0.04388599190860987,0.0026990834157913923,0.005029420935898088,99.94838237762451,C:/Users/wing/Desktop/datarealtrain/data-train-type2/val/plastic/plastic482.jpg,3,3
30.51537275314331,0.264247739687562,1.097053661942482,68.1233286857605,C:/Users/wing/Desktop/datarealtrain/data-train-type2/val/plastic/plastic485.jpg,3,3
11.022332310676575,0.06553687853738666,0.00037547792999248486,88.91175389289856,C:/Users/wing/Desktop/datarealtrain/data-train-type2/val/plastic/plastic491.jpg,3,3
0.3177440259605646,0.007768112845951691,0.006756137736374512,99.66772794723511,C:/Users/wing/Desktop/datarealtrain/data-train-type2/val/plastic/plastic507.jpg,3,3
3.3936575055122375,0.048309366684406996,8.767610779614188e-05,96.55795097351074,C:/Users/wing/Desktop/datarealtrain/data-train-type2/val/plastic/plastic508.jpg,3,3
3.1698033213615417,6.605233997106552,1.9446149468421936,88.28034996986389,C:/Users/wing/Desktop/datarealtrain/data-train-type2/val/plastic/plastic51.jpg,3,3
17.712722718715668,0.020881106320302933,0.001006448201223975,82.26539492607117,C:/Users/wing/Desktop/datarealtrain/data-train-type2/val/plastic/plastic511.jpg,3,3
36.1875057220459,16.90250039100647,16.99139028787613,29.91860806941986,C:/Users/wing/Desktop/datarealtrain/data-train-type2/val/plastic/plastic521.jpg,0,3
2.2005995735526085,0.008478493691654876,0.014747281966265291,97.77617454528809,C:/Users/wing/Desktop/datarealtrain/data-train-type2/val/plastic/plastic527.jpg,3,3
5.866793915629387,33.707019686698914,59.20557975769043,1.22060626745224,C:/Users/wing/Desktop/datarealtrain/data-train-type2/val/plastic/plastic532.jpg,2,3
3.2697126269340515,68.9156711101532,22.393131256103516,5.421474203467369,C:/Users/wing/Desktop/datarealtrain/data-train-type2/val/plastic/plastic536.jpg,1,3
1.8618449568748474,94.12274956703186,0.2629743190482259,3.7524357438087463,C:/Users/wing/Desktop/datarealtrain/data-train-type2/val/plastic/plastic537.jpg,1,3
7.6713331043720245,0.23319267202168703,0.012837235408369452,92.08264350891113,C:/Users/wing/Desktop/datarealtrain/data-train-type2/val/plastic/plastic540.jpg,3,3
3.6129049956798553,0.03459716390352696,0.21639051847159863,96.13611102104187,C:/Users/wing/Desktop/datarealtrain/data-train-type2/val/plastic/plastic542.jpg,3,3
5.26258610188961,0.025331179494969547,0.0975247472524643,94.61455941200256,C:/Users/wing/Desktop/datarealtrain/data-train-type2/val/plastic/plastic546.jpg,3,3
1.355897169560194,0.16938414191827178,1.5401150099933147,96.93460464477539,C:/Users/wing/Desktop/datarealtrain/data-train-type2/val/plastic/plastic55.jpg,3,3
6.431229412555695,0.09352120105177164,0.052502378821372986,93.4227466583252,C:/Users/wing/Desktop/datarealtrain/data-train-type2/val/plastic/plastic551.jpg,3,3
2.0501211285591125,2.4498742073774338,90.64928889274597,4.850713908672333,C:/Users/wing/Desktop/datarealtrain/data-train-type2/val/plastic/plastic553.jpg,2,3
1.400760468095541,0.018768670270219445,0.0019522649381542578,98.5785186290741,C:/Users/wing/Desktop/datarealtrain/data-train-type2/val/plastic/plastic561.jpg,3,3
30.789953470230103,0.28695506043732166,8.918970078229904,60.00412702560425,C:/Users/wing/Desktop/datarealtrain/data-train-type2/val/plastic/plastic566.jpg,3,3
2.178659848868847,0.3745048539713025,0.9759658947587013,96.4708685874939,C:/Users/wing/Desktop/datarealtrain/data-train-type2/val/plastic/plastic57.jpg,3,3
7.890022546052933,0.10761470766738057,0.004324610563344322,91.99803471565247,C:/Users/wing/Desktop/datarealtrain/data-train-type2/val/plastic/plastic570.jpg,3,3
0.4656150471419096,0.04404221836011857,0.013801889144815505,99.47654008865356,C:/Users/wing/Desktop/datarealtrain/data-train-type2/val/plastic/plastic575.jpg,3,3
38.151782751083374,6.19082972407341,0.006662461964879185,55.65071702003479,C:/Users/wing/Desktop/datarealtrain/data-train-type2/val/plastic/plastic576.jpg,3,3
0.6942674983292818,0.03150575503241271,0.11104604927822948,99.1631805896759,C:/Users/wing/Desktop/datarealtrain/data-train-type2/val/plastic/plastic581.jpg,3,3
20.115825533866882,1.3114863075315952,0.09286354761570692,78.4798264503479,C:/Users/wing/Desktop/datarealtrain/data-train-type2/val/plastic/plastic588.jpg,3,3
4.876207932829857,0.12711186427623034,1.268075406551361,93.72860789299011,C:/Users/wing/Desktop/datarealtrain/data-train-type2/val/plastic/plastic61.jpg,3,3
7.10001066327095,9.944265335798264,0.03383336588740349,82.9218864440918,C:/Users/wing/Desktop/datarealtrain/data-train-type2/val/plastic/plastic66.jpg,3,3
2.602185122668743,0.6273131817579269,0.01597599475644529,96.75452709197998,C:/Users/wing/Desktop/datarealtrain/data-train-type2/val/plastic/plastic77.jpg,3,3
18.606099486351013,0.3874960355460644,0.10985295521095395,80.89655041694641,C:/Users/wing/Desktop/datarealtrain/data-train-type2/val/plastic/plastic87.jpg,3,3
11.086186021566391,0.05350927822291851,2.97649372369051,85.8838140964508,C:/Users/wing/Desktop/datarealtrain/data-train-type2/val/plastic/plastic89.jpg,3,3
