88.7740433216095,2.7120254933834076,0.3191777737811208,8.194756507873535,C:/Users/wing/Desktop/datarealtrain/data-train-type1/val/glass/20190405_162128.jpg,0,0
60.39367914199829,12.438693642616272,0.92712277546525,26.240509748458862,C:/Users/wing/Desktop/datarealtrain/data-train-type1/val/glass/20190405_162140.jpg,0,0
97.13914394378662,0.8122093975543976,0.07536323391832411,1.9732803106307983,C:/Users/wing/Desktop/datarealtrain/data-train-type1/val/glass/glass1.jpg,0,0
88.87086510658264,1.4202985912561417,0.7554854732006788,8.95335078239441,C:/Users/wing/Desktop/datarealtrain/data-train-type1/val/glass/glass101.jpg,0,0
99.15432929992676,0.07237254758365452,0.0019016470105270855,0.7713872939348221,C:/Users/wing/Desktop/datarealtrain/data-train-type1/val/glass/glass114.jpg,0,0
90.87793827056885,0.02454961067996919,0.008784147939877585,9.088724851608276,C:/Users/wing/Desktop/datarealtrain/data-train-type1/val/glass/glass133.jpg,0,0
61.73276901245117,0.9345571510493755,0.2117678988724947,37.12090849876404,C:/Users/wing/Desktop/datarealtrain/data-train-type1/val/glass/glass15.jpg,0,0
58.627039194107056,6.700792908668518,0.006350111652864143,34.66580808162689,C:/Users/wing/Desktop/datarealtrain/data-train-type1/val/glass/glass155.jpg,0,0
98.27913641929626,0.22158792708069086,0.0025954373995773494,1.4966624788939953,C:/Users/wing/Desktop/datarealtrain/data-train-type1/val/glass/glass156.jpg,0,0
14.739437401294708,14.891281723976135,0.18199802143499255,70.18727660179138,C:/Users/wing/Desktop/datarealtrain/data-train-type1/val/glass/glass16.jpg,3,0
65.06071090698242,0.048918818356469274,0.0005952155788691016,34.88977551460266,C:/Users/wing/Desktop/datarealtrain/data-train-type1/val/glass/glass162.jpg,0,0
91.81337356567383,0.4395563621073961,0.006123249477241188,7.740960270166397,C:/Users/wing/Desktop/datarealtrain/data-train-type1/val/glass/glass175.jpg,0,0
88.03489804267883,2.8443295508623123,1.3218192383646965,7.798953354358673,C:/Users/wing/Desktop/datarealtrain/data-train-type1/val/glass/glass176.jpg,0,0
91.75885319709778,0.1345266355201602,0.005468213566928171,8.101154863834381,C:/Users/wing/Desktop/datarealtrain/data-train-type1/val/glass/glass196.jpg,0,0
27.638888359069824,0.16408623196184635,0.004372182957013138,72.19265103340149,C:/Users/wing/Desktop/datarealtrain/data-train-type1/val/glass/glass197.jpg,3,0
90.39762616157532,0.07541850791312754,0.001556897404952906,9.525395929813385,C:/Users/wing/Desktop/datarealtrain/data-train-type1/val/glass/glass20.jpg,0,0
78.32155227661133,0.024946688790805638,0.0010354590813221876,21.65246307849884,C:/Users/wing/Desktop/datarealtrain/data-train-type1/val/glass/glass200.jpg,0,0
80.61741590499878,0.4569350276142359,0.04815636784769595,18.87749880552292,C:/Users/wing/Desktop/datarealtrain/data-train-type1/val/glass/glass201.jpg,0,0
79.67888116836548,14.713859558105469,0.6254842504858971,4.981768503785133,C:/Users/wing/Desktop/datarealtrain/data-train-type1/val/glass/glass205.jpg,0,0
81.92415237426758,16.89063012599945,0.05858526565134525,1.1266257613897324,C:/Users/wing/Desktop/datarealtrain/data-train-type1/val/glass/glass206.jpg,0,0
66.95030331611633,32.19180405139923,0.01785846834536642,0.8400252088904381,C:/Users/wing/Desktop/datarealtrain/data-train-type1/val/glass/glass207.jpg,0,0
94.84153985977173,2.543763816356659,0.005914216308156028,2.60878037661314,C:/Users/wing/Desktop/datarealtrain/data-train-type1/val/glass/glass208.jpg,0,0
86.20304465293884,0.1285651233047247,0.00700496239005588,13.661380112171173,C:/Users/wing/Desktop/datarealtrain/data-train-type1/val/glass/glass209.jpg,0,0
97.14862704277039,0.166867149528116,0.01391568366670981,2.6705872267484665,C:/Users/wing/Desktop/datarealtrain/data-train-type1/val/glass/glass21.jpg,0,0
87.32039332389832,0.05555364768952131,0.003986347292084247,12.620070576667786,C:/Users/wing/Desktop/datarealtrain/data-train-type1/val/glass/glass214.jpg,0,0
95.00240683555603,0.6264830008149147,0.04602617409545928,4.325086995959282,C:/Users/wing/Desktop/datarealtrain/data-train-type1/val/glass/glass22.jpg,0,0
31.610465049743652,8.338265120983124,0.01180898689199239,60.0394606590271,C:/Users/wing/Desktop/datarealtrain/data-train-type1/val/glass/glass222.jpg,3,0
65.61688184738159,4.59081344306469,0.2561751753091812,29.536131024360657,C:/Users/wing/Desktop/datarealtrain/data-train-type1/val/glass/glass234.jpg,0,0
83.37827324867249,5.097752064466476,0.00040803638512443285,11.523567885160446,C:/Users/wing/Desktop/datarealtrain/data-train-type1/val/glass/glass240.jpg,0,0
98.86243343353271,0.8532403968274593,0.0015491978047066368,0.2827754244208336,C:/Users/wing/Desktop/datarealtrain/data-train-type1/val/glass/glass241.jpg,0,0
23.27743023633957,5.092631280422211,49.9322384595871,21.697695553302765,C:/Users/wing/Desktop/datarealtrain/data-train-type1/val/glass/glass242.jpg,2,0
64.92429971694946,0.016328145284205675,0.00037997649542376166,35.05898714065552,C:/Users/wing/Desktop/datarealtrain/data-train-type1/val/glass/glass243.jpg,0,0
4.120210558176041,94.790518283844,0.0012296723070903681,1.0880510322749615,C:/Users/wing/Desktop/datarealtrain/data-train-type1/val/glass/glass247.jpg,1,0
14.873649179935455,0.002714765832934063,0.0008284480827569496,85.122811794281,C:/Users/wing/Desktop/datarealtrain/data-train-type1/val/glass/glass25.jpg,3,0
96.48579359054565,0.7776483427733183,0.0643136736471206,2.672237530350685,C:/Users/wing/Desktop/datarealtrain/data-train-type1/val/glass/glass26.jpg,0,0
90.43488502502441,0.32225167378783226,0.1109873061068356,9.131865948438644,C:/Users/wing/Desktop/datarealtrain/data-train-type1/val/glass/glass276.jpg,0,0
93.77288222312927,0.18437524558976293,0.0014634980288974475,6.041267514228821,C:/Users/wing/Desktop/datarealtrain/data-train-type1/val/glass/glass279.jpg,0,0
65.66782593727112,0.029533542692661285,0.009049721847986802,34.29359197616577,C:/Users/wing/Desktop/datarealtrain/data-train-type1/val/glass/glass283.jpg,0,0
96.64202332496643,0.19461986375972629,0.02607692440506071,3.1372811645269394,C:/Users/wing/Desktop/datarealtrain/data-train-type1/val/glass/glass298.jpg,0,0
88.46966028213501,5.837254598736763,0.3165364498272538,5.3765516728162766,C:/Users/wing/Desktop/datarealtrain/data-train-type1/val/glass/glass303.jpg,0,0
97.56078720092773,0.5283040925860405,0.002505324300727807,1.9084203988313675,C:/Users/wing/Desktop/datarealtrain/data-train-type1/val/glass/glass305.jpg,0,0
99.52355027198792,0.14535178197547793,0.0008072233868006151,0.33029692713171244,C:/Users/wing/Desktop/datarealtrain/data-train-type1/val/glass/glass311.jpg,0,0
91.59939885139465,2.3643627762794495,0.021507810743059963,6.014721468091011,C:/Users/wing/Desktop/datarealtrain/data-train-type1/val/glass/glass315.jpg,0,0
91.14727973937988,0.024320614465977997,0.0015193832950899377,8.826881647109985,C:/Users/wing/Desktop/datarealtrain/data-train-type1/val/glass/glass317.jpg,0,0
98.8520622253418,0.010283771553076804,0.001494892785558477,1.1361504904925823,C:/Users/wing/Desktop/datarealtrain/data-train-type1/val/glass/glass319.jpg,0,0
99.87553358078003,0.0047583213017787784,0.00015578665397697478,0.1195441815070808,C:/Users/wing/Desktop/datarealtrain/data-train-type1/val/glass/glass330.jpg,0,0
66.2517249584198,0.009225575922755525,0.00022040162548364606,33.73882472515106,C:/Users/wing/Desktop/datarealtrain/data-train-type1/val/glass/glass333.jpg,0,0
96.00086212158203,1.7190195620059967,0.015771044127177447,2.26434376090765,C:/Users/wing/Desktop/datarealtrain/data-train-type1/val/glass/glass334.jpg,0,0
61.68702840805054,0.0018706312403082848,3.157429375733045e-05,38.311079144477844,C:/Users/wing/Desktop/datarealtrain/data-train-type1/val/glass/glass336.jpg,0,0
74.384206533432,1.0062877088785172,0.002949577901745215,24.606557190418243,C:/Users/wing/Desktop/datarealtrain/data-train-type1/val/glass/glass34.jpg,0,0
11.310608685016632,0.07836422882974148,1.0359030216932297,87.57511973381042,C:/Users/wing/Desktop/datarealtrain/data-train-type1/val/glass/glass353.jpg,3,0
27.799320220947266,35.4698121547699,4.286221042275429,32.4446439743042,C:/Users/wing/Desktop/datarealtrain/data-train-type1/val/glass/glass354.jpg,1,0
94.06312704086304,2.095462940633297,0.05478441598825157,3.786621615290642,C:/Users/wing/Desktop/datarealtrain/data-train-type1/val/glass/glass361.jpg,0,0
11.439163982868195,0.005840505036758259,0.00021655598629877204,88.55477571487427,C:/Users/wing/Desktop/datarealtrain/data-train-type1/val/glass/glass362.jpg,3,0
97.98357486724854,0.0438973365817219,0.00424253630626481,1.9682927057147026,C:/Users/wing/Desktop/datarealtrain/data-train-type1/val/glass/glass363.jpg,0,0
89.36123251914978,0.0011131724932056386,0.0003540717898431467,10.637304931879044,C:/Users/wing/Desktop/datarealtrain/data-train-type1/val/glass/glass371.jpg,0,0
99.65294003486633,0.14024717966094613,0.00040227632780442946,0.2064116531983018,C:/Users/wing/Desktop/datarealtrain/data-train-type1/val/glass/glass372.jpg,0,0
97.23653793334961,2.0344316959381104,0.2413822803646326,0.48764655366539955,C:/Users/wing/Desktop/datarealtrain/data-train-type1/val/glass/glass38.jpg,0,0
85.11045575141907,12.948933243751526,0.3409387543797493,1.599680632352829,C:/Users/wing/Desktop/datarealtrain/data-train-type1/val/glass/glass380.jpg,0,0
46.382951736450195,4.781923815608025,0.008589426579419523,48.826536536216736,C:/Users/wing/Desktop/datarealtrain/data-train-type1/val/glass/glass381.jpg,3,0
98.85174036026001,0.5310934036970139,0.0009054122529050801,0.6162636447697878,C:/Users/wing/Desktop/datarealtrain/data-train-type1/val/glass/glass382.jpg,0,0
51.53962969779968,11.01214662194252,0.0029784359867335297,37.44524121284485,C:/Users/wing/Desktop/datarealtrain/data-train-type1/val/glass/glass387.jpg,0,0
52.76085138320923,1.816367544233799,0.01843827631091699,45.40434181690216,C:/Users/wing/Desktop/datarealtrain/data-train-type1/val/glass/glass388.jpg,0,0
54.36813831329346,0.1159688108600676,0.0015903218809398822,45.51430940628052,C:/Users/wing/Desktop/datarealtrain/data-train-type1/val/glass/glass390.jpg,0,0
79.07987236976624,3.0437616631388664,0.0031447278161067516,17.873218655586243,C:/Users/wing/Desktop/datarealtrain/data-train-type1/val/glass/glass395.jpg,0,0
59.559500217437744,35.207194089889526,0.004101897138752975,5.229206010699272,C:/Users/wing/Desktop/datarealtrain/data-train-type1/val/glass/glass400.jpg,0,0
99.85566735267639,0.04438221803866327,0.003283094338257797,0.09666862315498292,C:/Users/wing/Desktop/datarealtrain/data-train-type1/val/glass/glass403.jpg,0,0
84.9250078201294,0.09387409081682563,0.0017918737285071984,14.979322254657745,C:/Users/wing/Desktop/datarealtrain/data-train-type1/val/glass/glass404.jpg,0,0
97.59003520011902,0.3204396227374673,0.005771115320385434,2.0837558433413506,C:/Users/wing/Desktop/datarealtrain/data-train-type1/val/glass/glass405.jpg,0,0
93.61554384231567,0.002773362211883068,1.0735023181496217e-05,6.381666660308838,C:/Users/wing/Desktop/datarealtrain/data-train-type1/val/glass/glass41.jpg,0,0
46.397966146469116,0.003193644806742668,0.0003039646117031225,53.59853506088257,C:/Users/wing/Desktop/datarealtrain/data-train-type1/val/glass/glass412.jpg,3,0
96.11526727676392,0.030020883423276246,0.001629052530915942,3.8530822843313217,C:/Users/wing/Desktop/datarealtrain/data-train-type1/val/glass/glass42.jpg,0,0
53.08880805969238,8.440549671649933,0.016861017502378672,38.45379054546356,C:/Users/wing/Desktop/datarealtrain/data-train-type1/val/glass/glass423.jpg,0,0
91.08781218528748,0.020318089809734374,0.008743669604882598,8.88313427567482,C:/Users/wing/Desktop/datarealtrain/data-train-type1/val/glass/glass424.jpg,0,0
95.1606273651123,1.2976225465536118,0.10898982873186469,3.4327566623687744,C:/Users/wing/Desktop/datarealtrain/data-train-type1/val/glass/glass434.jpg,0,0
95.79744935035706,2.9202237725257874,0.0037075209547765553,1.278612483292818,C:/Users/wing/Desktop/datarealtrain/data-train-type1/val/glass/glass436.jpg,0,0
80.47328591346741,0.17791891004890203,0.046594266314059496,19.30219829082489,C:/Users/wing/Desktop/datarealtrain/data-train-type1/val/glass/glass440.jpg,0,0
50.675880908966064,0.004698602788266726,0.001444088775315322,49.317967891693115,C:/Users/wing/Desktop/datarealtrain/data-train-type1/val/glass/glass441.jpg,0,0
18.85274350643158,0.029281893512234092,0.0004211275609122822,81.1175525188446,C:/Users/wing/Desktop/datarealtrain/data-train-type1/val/glass/glass442.jpg,3,0
99.76268410682678,0.049515487626194954,0.003980956171290018,0.1838154043070972,C:/Users/wing/Desktop/datarealtrain/data-train-type1/val/glass/glass443.jpg,0,0
96.83421850204468,0.21207018289715052,0.01889465202111751,2.934817783534527,C:/Users/wing/Desktop/datarealtrain/data-train-type1/val/glass/glass447.jpg,0,0
86.90804839134216,1.3186062686145306,0.0015077628631843254,11.771835386753082,C:/Users/wing/Desktop/datarealtrain/data-train-type1/val/glass/glass448.jpg,0,0
13.686920702457428,4.128992930054665,0.002233711347798817,82.18185305595398,C:/Users/wing/Desktop/datarealtrain/data-train-type1/val/glass/glass450.jpg,3,0
46.94570600986481,0.2972331829369068,0.0032619747798889875,52.75379419326782,C:/Users/wing/Desktop/datarealtrain/data-train-type1/val/glass/glass457.jpg,3,0
49.61033761501312,18.163667619228363,0.6658054422587156,31.56018555164337,C:/Users/wing/Desktop/datarealtrain/data-train-type1/val/glass/glass458.jpg,0,0
92.9753065109253,0.13099751668050885,0.0009113556188822258,6.892789155244827,C:/Users/wing/Desktop/datarealtrain/data-train-type1/val/glass/glass460.jpg,0,0
94.96800303459167,0.1884693163447082,0.0007231935796880862,4.842803999781609,C:/Users/wing/Desktop/datarealtrain/data-train-type1/val/glass/glass462.jpg,0,0
90.20559787750244,6.664649397134781,0.3113111015409231,2.818450517952442,C:/Users/wing/Desktop/datarealtrain/data-train-type1/val/glass/glass476.jpg,0,0
14.8344025015831,1.6543393954634666,0.03139519249089062,83.47985744476318,C:/Users/wing/Desktop/datarealtrain/data-train-type1/val/glass/glass477.jpg,3,0
96.12299799919128,0.8319552056491375,0.026041394448839128,3.01900003105402,C:/Users/wing/Desktop/datarealtrain/data-train-type1/val/glass/glass484.jpg,0,0
13.840115070343018,0.03972757258452475,0.23773135617375374,85.88242530822754,C:/Users/wing/Desktop/datarealtrain/data-train-type1/val/glass/glass59.jpg,3,0
99.38378930091858,0.02259820030303672,0.002299099651281722,0.5913201253861189,C:/Users/wing/Desktop/datarealtrain/data-train-type1/val/glass/glass63.jpg,0,0
94.60115432739258,0.07930947467684746,8.993014262159704e-05,5.319439992308617,C:/Users/wing/Desktop/datarealtrain/data-train-type1/val/glass/glass65.jpg,0,0
68.45596432685852,18.98026019334793,0.029636453837156296,12.534137070178986,C:/Users/wing/Desktop/datarealtrain/data-train-type1/val/glass/glass96.jpg,0,0
21.85922861099243,0.18029571510851383,0.017916676006279886,77.942556142807,C:/Users/wing/Desktop/datarealtrain/data-train-type1/val/glass/glass99.jpg,3,0
72.8461742401123,11.45939901471138,0.26737137231975794,15.427058935165405,C:/Users/wing/Desktop/datarealtrain/data-train-type1/val/metal/IMG_20190331_121716.jpg,0,1
94.97089385986328,2.544618211686611,0.10876007145270705,2.375720627605915,C:/Users/wing/Desktop/datarealtrain/data-train-type1/val/metal/IMG_20190331_121920.jpg,0,1
20.897817611694336,78.73009443283081,0.0018418493709759787,0.37025471683591604,C:/Users/wing/Desktop/datarealtrain/data-train-type1/val/metal/metal100.jpg,1,1
4.045157879590988,90.506112575531,0.07818422163836658,5.37053644657135,C:/Users/wing/Desktop/datarealtrain/data-train-type1/val/metal/metal105.jpg,1,1
1.2874226085841656,98.57813715934753,0.027648499235510826,0.10677980026230216,C:/Users/wing/Desktop/datarealtrain/data-train-type1/val/metal/metal111.jpg,1,1
0.4027159884572029,97.7477490901947,0.0015012647054390982,1.848032884299755,C:/Users/wing/Desktop/datarealtrain/data-train-type1/val/metal/metal113.jpg,1,1
7.173041254281998,85.95513105392456,0.01786764623830095,6.85395672917366,C:/Users/wing/Desktop/datarealtrain/data-train-type1/val/metal/metal128.jpg,1,1
22.33024686574936,70.96320986747742,1.0186981409788132,5.687843635678291,C:/Users/wing/Desktop/datarealtrain/data-train-type1/val/metal/metal129.jpg,1,1
1.6368143260478973,95.22852301597595,0.002036582191067282,3.1326279044151306,C:/Users/wing/Desktop/datarealtrain/data-train-type1/val/metal/metal142.jpg,1,1
37.447115778923035,25.905534625053406,0.025594874750822783,36.62174940109253,C:/Users/wing/Desktop/datarealtrain/data-train-type1/val/metal/metal147.jpg,0,1
17.39910989999771,66.88742637634277,0.1577645423822105,15.555700659751892,C:/Users/wing/Desktop/datarealtrain/data-train-type1/val/metal/metal148.jpg,1,1
0.07548852590844035,69.8121190071106,4.570561647415161,25.541824102401733,C:/Users/wing/Desktop/datarealtrain/data-train-type1/val/metal/metal149.jpg,1,1
23.241834342479706,65.12560844421387,0.016239880642388016,11.616312712430954,C:/Users/wing/Desktop/datarealtrain/data-train-type1/val/metal/metal150.jpg,1,1
3.9053652435541153,90.57504534721375,0.18297593342140317,5.336616933345795,C:/Users/wing/Desktop/datarealtrain/data-train-type1/val/metal/metal151.jpg,1,1
19.262324273586273,60.715293884277344,0.029524517594836652,19.992852210998535,C:/Users/wing/Desktop/datarealtrain/data-train-type1/val/metal/metal152.jpg,1,1
4.281499981880188,92.21896529197693,0.020891870371997356,3.4786514937877655,C:/Users/wing/Desktop/datarealtrain/data-train-type1/val/metal/metal153.jpg,1,1
0.3349908161908388,99.46633577346802,0.0015801564586581662,0.19708725158125162,C:/Users/wing/Desktop/datarealtrain/data-train-type1/val/metal/metal157.jpg,1,1
0.34930044785141945,98.25927019119263,0.02458444214425981,1.3668429106473923,C:/Users/wing/Desktop/datarealtrain/data-train-type1/val/metal/metal158.jpg,1,1
15.967744588851929,79.88328337669373,0.0023763726858305745,4.146593064069748,C:/Users/wing/Desktop/datarealtrain/data-train-type1/val/metal/metal159.jpg,1,1
22.449664771556854,47.95609712600708,0.04480855423025787,29.549431800842285,C:/Users/wing/Desktop/datarealtrain/data-train-type1/val/metal/metal160.jpg,1,1
10.128013789653778,84.85485911369324,0.07869266555644572,4.938438534736633,C:/Users/wing/Desktop/datarealtrain/data-train-type1/val/metal/metal162.jpg,1,1
66.6495680809021,5.551474541425705,6.486353278160095,21.3126003742218,C:/Users/wing/Desktop/datarealtrain/data-train-type1/val/metal/metal163.jpg,0,1
13.83441537618637,11.299140751361847,41.97063148021698,32.89581537246704,C:/Users/wing/Desktop/datarealtrain/data-train-type1/val/metal/metal169.jpg,2,1
0.26144329458475113,99.17134046554565,0.007032896974124014,0.5601834040135145,C:/Users/wing/Desktop/datarealtrain/data-train-type1/val/metal/metal171.jpg,1,1
0.43251938186585903,63.55695724487305,8.863003551959991,27.14751958847046,C:/Users/wing/Desktop/datarealtrain/data-train-type1/val/metal/metal18.jpg,1,1
0.772597175091505,99.09522533416748,0.0023494878405472264,0.12982352636754513,C:/Users/wing/Desktop/datarealtrain/data-train-type1/val/metal/metal201.jpg,1,1
21.046309173107147,73.42843413352966,0.05830842419527471,5.466949567198753,C:/Users/wing/Desktop/datarealtrain/data-train-type1/val/metal/metal208.jpg,1,1
76.23199820518494,14.093340933322906,0.0010289611054759007,9.673638641834259,C:/Users/wing/Desktop/datarealtrain/data-train-type1/val/metal/metal209.jpg,0,1
22.451578080654144,46.098583936691284,23.32587093114853,8.12397301197052,C:/Users/wing/Desktop/datarealtrain/data-train-type1/val/metal/metal21.jpg,1,1
14.923606812953949,82.24148154258728,0.021344819106161594,2.8135690838098526,C:/Users/wing/Desktop/datarealtrain/data-train-type1/val/metal/metal212.jpg,1,1
0.3892249893397093,54.99342679977417,18.367742002010345,26.24959647655487,C:/Users/wing/Desktop/datarealtrain/data-train-type1/val/metal/metal213.jpg,1,1
1.4028322882950306,96.71022295951843,0.06894737016409636,1.818007417023182,C:/Users/wing/Desktop/datarealtrain/data-train-type1/val/metal/metal217.jpg,1,1
47.18033969402313,46.4863657951355,0.22289897315204144,6.110398098826408,C:/Users/wing/Desktop/datarealtrain/data-train-type1/val/metal/metal219.jpg,0,1
0.2507786499336362,11.551720649003983,35.000208020210266,53.197288513183594,C:/Users/wing/Desktop/datarealtrain/data-train-type1/val/metal/metal22.jpg,3,1
45.94544768333435,13.859491050243378,0.0006245812073757406,40.19443988800049,C:/Users/wing/Desktop/datarealtrain/data-train-type1/val/metal/metal230.jpg,0,1
3.9014555513858795,93.36128830909729,0.10059400228783488,2.6366591453552246,C:/Users/wing/Desktop/datarealtrain/data-train-type1/val/metal/metal232.jpg,1,1
2.322317287325859,94.44462060928345,0.005719549881177954,3.2273437827825546,C:/Users/wing/Desktop/datarealtrain/data-train-type1/val/metal/metal233.jpg,1,1
5.524729564785957,38.91619145870209,0.4497366026043892,55.10934591293335,C:/Users/wing/Desktop/datarealtrain/data-train-type1/val/metal/metal234.jpg,3,1
2.453797124326229,74.90677833557129,0.18067482160404325,22.458750009536743,C:/Users/wing/Desktop/datarealtrain/data-train-type1/val/metal/metal236.jpg,1,1
21.774710714817047,70.1370894908905,0.3454255638644099,7.742775231599808,C:/Users/wing/Desktop/datarealtrain/data-train-type1/val/metal/metal237.jpg,1,1
0.16444858629256487,69.53049302101135,7.166175544261932,23.138877749443054,C:/Users/wing/Desktop/datarealtrain/data-train-type1/val/metal/metal238.jpg,1,1
3.8203928619623184,95.2280580997467,0.005564554885495454,0.9459950961172581,C:/Users/wing/Desktop/datarealtrain/data-train-type1/val/metal/metal239.jpg,1,1
6.322336196899414,93.1395411491394,0.18679853528738022,0.35132276825606823,C:/Users/wing/Desktop/datarealtrain/data-train-type1/val/metal/metal280.jpg,1,1
0.048577706911601126,51.53202414512634,0.7611560169607401,47.6582407951355,C:/Users/wing/Desktop/datarealtrain/data-train-type1/val/metal/metal282.jpg,1,1
24.208512902259827,57.79094099998474,7.604655623435974,10.395888984203339,C:/Users/wing/Desktop/datarealtrain/data-train-type1/val/metal/metal283.jpg,1,1
10.252578556537628,82.41962194442749,0.00460982664662879,7.323191314935684,C:/Users/wing/Desktop/datarealtrain/data-train-type1/val/metal/metal284.jpg,1,1
25.491955876350403,37.94546723365784,2.9017360880970955,33.66084098815918,C:/Users/wing/Desktop/datarealtrain/data-train-type1/val/metal/metal285.jpg,1,1
0.08663233602419496,19.8411226272583,2.798309363424778,77.27393507957458,C:/Users/wing/Desktop/datarealtrain/data-train-type1/val/metal/metal286.jpg,3,1
0.3428170923143625,62.40803003311157,0.13562487438321114,37.113526463508606,C:/Users/wing/Desktop/datarealtrain/data-train-type1/val/metal/metal287.jpg,1,1
53.664928674697876,9.735935926437378,0.10839728638529778,36.49074137210846,C:/Users/wing/Desktop/datarealtrain/data-train-type1/val/metal/metal288.jpg,0,1
3.312753513455391,95.22568583488464,0.007108259160304442,1.4544449746608734,C:/Users/wing/Desktop/datarealtrain/data-train-type1/val/metal/metal289.jpg,1,1
20.797576010227203,76.40330195426941,0.027928725467063487,2.7711912989616394,C:/Users/wing/Desktop/datarealtrain/data-train-type1/val/metal/metal29.jpg,1,1
5.1633864641189575,94.2850410938263,0.005947508543613367,0.5456325598061085,C:/Users/wing/Desktop/datarealtrain/data-train-type1/val/metal/metal290.jpg,1,1
20.697912573814392,59.909218549728394,0.21025859750807285,19.182609021663666,C:/Users/wing/Desktop/datarealtrain/data-train-type1/val/metal/metal291.jpg,1,1
0.3253703471273184,98.947012424469,0.025153954629786313,0.7024555001407862,C:/Users/wing/Desktop/datarealtrain/data-train-type1/val/metal/metal292.jpg,1,1
10.258819907903671,87.15199828147888,0.2132507273927331,2.3759309202432632,C:/Users/wing/Desktop/datarealtrain/data-train-type1/val/metal/metal293.jpg,1,1
6.016537174582481,3.14958356320858,1.8774284049868584,88.95644545555115,C:/Users/wing/Desktop/datarealtrain/data-train-type1/val/metal/metal294.jpg,3,1
10.124941170215607,73.0320692062378,0.46049063093960285,16.382496058940887,C:/Users/wing/Desktop/datarealtrain/data-train-type1/val/metal/metal295.jpg,1,1
0.28955424204468727,24.628159403800964,0.032616787939332426,75.04967451095581,C:/Users/wing/Desktop/datarealtrain/data-train-type1/val/metal/metal296.jpg,3,1
82.78971910476685,12.05335333943367,0.005286412488203496,5.15163391828537,C:/Users/wing/Desktop/datarealtrain/data-train-type1/val/metal/metal298.jpg,0,1
53.98402810096741,2.1039672195911407,0.022456883743871003,43.88954043388367,C:/Users/wing/Desktop/datarealtrain/data-train-type1/val/metal/metal30.jpg,0,1
0.02338033664273098,95.4561173915863,0.3629659069702029,4.157531261444092,C:/Users/wing/Desktop/datarealtrain/data-train-type1/val/metal/metal313.jpg,1,1
12.212351709604263,42.408207058906555,0.01816324220271781,45.36128044128418,C:/Users/wing/Desktop/datarealtrain/data-train-type1/val/metal/metal340.jpg,3,1
59.48120951652527,33.602139353752136,0.08720948826521635,6.829443573951721,C:/Users/wing/Desktop/datarealtrain/data-train-type1/val/metal/metal353.jpg,0,1
5.941071733832359,64.55295085906982,0.5311585962772369,28.97481620311737,C:/Users/wing/Desktop/datarealtrain/data-train-type1/val/metal/metal354.jpg,1,1
24.35203194618225,61.93922758102417,0.34077996388077736,13.367961347103119,C:/Users/wing/Desktop/datarealtrain/data-train-type1/val/metal/metal36.jpg,1,1
18.05490106344223,51.20311379432678,0.8179394528269768,29.924046993255615,C:/Users/wing/Desktop/datarealtrain/data-train-type1/val/metal/metal4.jpg,1,1
19.843843579292297,12.844935059547424,0.0632377341389656,67.24798679351807,C:/Users/wing/Desktop/datarealtrain/data-train-type1/val/metal/metal42.jpg,3,1
0.9913740679621696,80.48554062843323,6.892429292201996,11.630647629499435,C:/Users/wing/Desktop/datarealtrain/data-train-type1/val/metal/metal46.jpg,1,1
1.2367341667413712,98.01565408706665,0.015493670071009547,0.7321246899664402,C:/Users/wing/Desktop/datarealtrain/data-train-type1/val/metal/metal47.jpg,1,1
0.17810941208153963,72.9759156703949,6.218524277210236,20.627446472644806,C:/Users/wing/Desktop/datarealtrain/data-train-type1/val/metal/metal48.jpg,1,1
70.99381685256958,20.335686206817627,3.090466745197773,5.580028519034386,C:/Users/wing/Desktop/datarealtrain/data-train-type1/val/metal/metal49.jpg,0,1
70.02323269844055,1.1511599645018578,0.012997236626688391,28.8126140832901,C:/Users/wing/Desktop/datarealtrain/data-train-type1/val/metal/metal58.jpg,0,1
13.450121879577637,12.204793095588684,0.012425947352312505,74.33266043663025,C:/Users/wing/Desktop/datarealtrain/data-train-type1/val/metal/metal59.jpg,3,1
15.168249607086182,74.57420825958252,0.09786149021238089,10.159675776958466,C:/Users/wing/Desktop/datarealtrain/data-train-type1/val/metal/metal64.jpg,1,1
56.34090304374695,19.762244820594788,1.0890920646488667,22.807765007019043,C:/Users/wing/Desktop/datarealtrain/data-train-type1/val/metal/metal69.jpg,0,1
0.03899391449522227,86.51322722434998,1.166849210858345,12.280919402837753,C:/Users/wing/Desktop/datarealtrain/data-train-type1/val/metal/metal70.jpg,1,1
51.02848410606384,24.76426213979721,0.29803223442286253,23.909226059913635,C:/Users/wing/Desktop/datarealtrain/data-train-type1/val/metal/metal72.jpg,0,1
12.815217673778534,83.12069773674011,0.008689881360623986,4.05539907515049,C:/Users/wing/Desktop/datarealtrain/data-train-type1/val/metal/metal77.jpg,1,1
24.622710049152374,44.72249448299408,0.862937793135643,29.791858792304993,C:/Users/wing/Desktop/datarealtrain/data-train-type1/val/metal/metal78.jpg,1,1
3.0930666252970695,88.22035193443298,0.30133570544421673,8.385245501995087,C:/Users/wing/Desktop/datarealtrain/data-train-type1/val/metal/metal79.jpg,1,1
45.89572250843048,45.42652070522308,0.0015724725017207675,8.676180243492126,C:/Users/wing/Desktop/datarealtrain/data-train-type1/val/metal/metal84.jpg,0,1
85.35675406455994,8.362095057964325,0.17827670089900494,6.102874502539635,C:/Users/wing/Desktop/datarealtrain/data-train-type1/val/metal/metal88.jpg,0,1
76.34742856025696,9.084583073854446,0.21823353599756956,14.349758625030518,C:/Users/wing/Desktop/datarealtrain/data-train-type1/val/metal/metal93.jpg,0,1
14.761398732662201,0.5736266262829304,49.93859827518463,34.726378321647644,C:/Users/wing/Desktop/datarealtrain/data-train-type1/val/organic/20190405_162433.jpg,2,2
0.4767109639942646,0.78065968118608,6.947977840900421,91.7946457862854,C:/Users/wing/Desktop/datarealtrain/data-train-type1/val/organic/20190405_171713.jpg,3,2
2.6591846719384193,0.27075738180428743,94.80665922164917,2.2633926942944527,C:/Users/wing/Desktop/datarealtrain/data-train-type1/val/organic/20190405_184227.jpg,2,2
1.0738990269601345,0.15815362567082047,96.93167805671692,1.8362639471888542,C:/Users/wing/Desktop/datarealtrain/data-train-type1/val/organic/20190405_184247.jpg,2,2
0.06660838844254613,0.03009470528922975,69.63096857070923,30.272328853607178,C:/Users/wing/Desktop/datarealtrain/data-train-type1/val/organic/20190405_191024.jpg,2,2
2.1632296964526176,2.035968191921711,78.32950949668884,17.47129261493683,C:/Users/wing/Desktop/datarealtrain/data-train-type1/val/organic/cardboard134.jpg,2,2
3.787519782781601,25.36933422088623,51.17411017417908,19.66903507709503,C:/Users/wing/Desktop/datarealtrain/data-train-type1/val/organic/cardboard136.jpg,2,2
17.859625816345215,1.8729593604803085,15.457089245319366,64.81032967567444,C:/Users/wing/Desktop/datarealtrain/data-train-type1/val/organic/organic16.jpg,3,2
5.238426476716995,0.028414957341738045,79.90172505378723,14.831432700157166,C:/Users/wing/Desktop/datarealtrain/data-train-type1/val/organic/organic25.jpg,2,2
2.3038240149617195,0.46937065199017525,56.06814622879028,41.158655285835266,C:/Users/wing/Desktop/datarealtrain/data-train-type1/val/organic/organic3.jpg,2,2
1.9492752850055695,0.004519680805969983,85.08398532867432,12.962213158607483,C:/Users/wing/Desktop/datarealtrain/data-train-type1/val/organic/organic31.jpg,2,2
0.029422304942272604,0.018526249914430082,99.63500499725342,0.3170497016981244,C:/Users/wing/Desktop/datarealtrain/data-train-type1/val/organic/organic33.jpg,2,2
3.533172979950905,7.519257068634033,5.35755455493927,83.59001874923706,C:/Users/wing/Desktop/datarealtrain/data-train-type1/val/organic/organic44.jpg,3,2
5.220983177423477,36.79344058036804,6.580056250095367,51.405519247055054,C:/Users/wing/Desktop/datarealtrain/data-train-type1/val/organic/organic47.jpg,3,2
0.3709269454702735,0.8070488460361958,98.36740493774414,0.4546213895082474,C:/Users/wing/Desktop/datarealtrain/data-train-type1/val/organic/organic49.jpg,2,2
27.551347017288208,49.58958625793457,5.976778641343117,16.882292926311493,C:/Users/wing/Desktop/datarealtrain/data-train-type1/val/organic/organic646.jpg,1,2
26.739788055419922,10.886737704277039,46.752309799194336,15.621161460876465,C:/Users/wing/Desktop/datarealtrain/data-train-type1/val/organic/organic653.jpg,2,2
7.898212969303131,2.1389326080679893,10.581816732883453,79.38103675842285,C:/Users/wing/Desktop/datarealtrain/data-train-type1/val/organic/organic656.jpg,3,2
0.07013228023424745,81.654953956604,10.88026836514473,7.394634932279587,C:/Users/wing/Desktop/datarealtrain/data-train-type1/val/organic/organic662.jpg,1,2
0.20085759460926056,15.594859421253204,25.610822439193726,58.59346389770508,C:/Users/wing/Desktop/datarealtrain/data-train-type1/val/organic/organic666.jpg,3,2
48.80112111568451,10.589491575956345,0.0625358778052032,40.546855330467224,C:/Users/wing/Desktop/datarealtrain/data-train-type1/val/organic/organic672.jpg,0,2
34.83647406101227,8.730322867631912,6.694281846284866,49.73892569541931,C:/Users/wing/Desktop/datarealtrain/data-train-type1/val/organic/organic679.jpg,3,2
1.4556623063981533,0.557963689789176,94.54973936080933,3.4366313368082047,C:/Users/wing/Desktop/datarealtrain/data-train-type1/val/organic/organic681.jpg,2,2
25.479573011398315,9.941499680280685,18.316911160945892,46.26201689243317,C:/Users/wing/Desktop/datarealtrain/data-train-type1/val/organic/organic683.jpg,3,2
0.567339826375246,2.972670830786228,21.31199985742569,75.14799237251282,C:/Users/wing/Desktop/datarealtrain/data-train-type1/val/organic/organic684.jpg,3,2
16.519124805927277,0.8221345953643322,69.63831186294556,13.020431995391846,C:/Users/wing/Desktop/datarealtrain/data-train-type1/val/organic/organic692.jpg,2,2
3.2929375767707825,18.130184710025787,63.87243866920471,14.704437553882599,C:/Users/wing/Desktop/datarealtrain/data-train-type1/val/organic/organic695.jpg,2,2
87.94371485710144,4.867825657129288,0.23176653776317835,6.956697255373001,C:/Users/wing/Desktop/datarealtrain/data-train-type1/val/organic/organic696.jpg,0,2
49.68545436859131,29.72835898399353,3.860585018992424,16.725599765777588,C:/Users/wing/Desktop/datarealtrain/data-train-type1/val/organic/organic699.jpg,0,2
16.678516566753387,11.879243701696396,17.385952174663544,54.056280851364136,C:/Users/wing/Desktop/datarealtrain/data-train-type1/val/organic/organic704.jpg,3,2
1.9173812121152878,4.826878383755684,87.66706585884094,5.5886708199977875,C:/Users/wing/Desktop/datarealtrain/data-train-type1/val/organic/organic709.jpg,2,2
31.217685341835022,10.73470339179039,24.894392490386963,33.15321505069733,C:/Users/wing/Desktop/datarealtrain/data-train-type1/val/organic/organic710.jpg,3,2
0.31055877916514874,18.717513978481293,69.51906681060791,11.452856659889221,C:/Users/wing/Desktop/datarealtrain/data-train-type1/val/organic/organic714.jpg,2,2
3.7009723484516144,6.08309842646122,61.01769804954529,29.198232293128967,C:/Users/wing/Desktop/datarealtrain/data-train-type1/val/organic/organic720.jpg,2,2
3.2917026430368423,3.509674593806267,85.13460159301758,8.064021915197372,C:/Users/wing/Desktop/datarealtrain/data-train-type1/val/organic/organic721.jpg,2,2
1.3836021535098553,6.9874390959739685,89.34779167175293,2.2811634466052055,C:/Users/wing/Desktop/datarealtrain/data-train-type1/val/organic/organic742.jpg,2,2
2.5582995265722275,66.31571054458618,27.645108103752136,3.480883315205574,C:/Users/wing/Desktop/datarealtrain/data-train-type1/val/organic/organic747.jpg,1,2
0.23433216847479343,3.224995732307434,96.38674855232239,0.15392579371109605,C:/Users/wing/Desktop/datarealtrain/data-train-type1/val/organic/organic748.jpg,2,2
3.5662665963172913,0.24265486281365156,12.425990402698517,83.76508951187134,C:/Users/wing/Desktop/datarealtrain/data-train-type1/val/organic/organic752.jpg,3,2
1.4925622381269932,3.8881175220012665,62.46265172958374,32.15666711330414,C:/Users/wing/Desktop/datarealtrain/data-train-type1/val/organic/organic755.jpg,2,2
0.0864531088154763,0.3688762662932277,99.1686761379242,0.37599317729473114,C:/Users/wing/Desktop/datarealtrain/data-train-type1/val/organic/organic762.jpg,2,2
2.7752097696065903,64.62480425834656,12.056893110275269,20.543096959590912,C:/Users/wing/Desktop/datarealtrain/data-train-type1/val/organic/organic768.jpg,1,2
0.1035295077599585,0.02035943471128121,99.78451728820801,0.09158876491710544,C:/Users/wing/Desktop/datarealtrain/data-train-type1/val/organic/organic772.jpg,2,2
5.415813624858856,19.554422795772552,68.06729435920715,6.962469965219498,C:/Users/wing/Desktop/datarealtrain/data-train-type1/val/organic/organic773.jpg,2,2
2.642597444355488,7.942068576812744,86.0189437866211,3.3963870257139206,C:/Users/wing/Desktop/datarealtrain/data-train-type1/val/organic/organic776.jpg,2,2
41.131591796875,39.68891203403473,3.104466013610363,16.075028479099274,C:/Users/wing/Desktop/datarealtrain/data-train-type1/val/organic/organic777.jpg,0,2
10.028627514839172,1.6602680087089539,24.96200203895569,63.34909796714783,C:/Users/wing/Desktop/datarealtrain/data-train-type1/val/organic/organic781.jpg,3,2
43.66379380226135,20.6742525100708,2.549096569418907,33.112844824790955,C:/Users/wing/Desktop/datarealtrain/data-train-type1/val/organic/paper194.jpg,0,2
2.4961214512586594,1.0419591329991817,84.36924815177917,12.092675268650055,C:/Users/wing/Desktop/datarealtrain/data-train-type1/val/organic/paper266.jpg,2,2
34.257251024246216,6.366472691297531,14.53089565038681,44.84538435935974,C:/Users/wing/Desktop/datarealtrain/data-train-type1/val/organic/paper285.jpg,3,2
11.601012200117111,17.004120349884033,1.6388790681958199,69.75599527359009,C:/Users/wing/Desktop/datarealtrain/data-train-type1/val/organic/paper567.jpg,3,2
0.3200698643922806,0.4848906770348549,97.36927151679993,1.8257781863212585,C:/Users/wing/Desktop/datarealtrain/data-train-type1/val/organic/paper573.jpg,2,2
61.45122051239014,0.01195734876091592,0.008044169226195663,38.528773188591,C:/Users/wing/Desktop/datarealtrain/data-train-type1/val/plastic/plastic103.jpg,0,3
20.871250331401825,0.0895031844265759,0.03502368927001953,79.00422215461731,C:/Users/wing/Desktop/datarealtrain/data-train-type1/val/plastic/plastic106.jpg,3,3
1.7839549109339714,0.12011341750621796,0.0020331468476797454,98.09390306472778,C:/Users/wing/Desktop/datarealtrain/data-train-type1/val/plastic/plastic111.jpg,3,3
4.785404726862907,0.17542854184284806,0.01272473600693047,95.02643942832947,C:/Users/wing/Desktop/datarealtrain/data-train-type1/val/plastic/plastic123.jpg,3,3
27.628064155578613,0.05337633192539215,0.022055568115320057,72.29650020599365,C:/Users/wing/Desktop/datarealtrain/data-train-type1/val/plastic/plastic126.jpg,3,3
18.275897204875946,0.002299727020727005,0.0012407729627739172,81.72056674957275,C:/Users/wing/Desktop/datarealtrain/data-train-type1/val/plastic/plastic127.jpg,3,3
1.029410120099783,1.4901590533554554,80.86292743682861,16.6174978017807,C:/Users/wing/Desktop/datarealtrain/data-train-type1/val/plastic/plastic13.jpg,2,3
35.93529462814331,3.082975372672081,1.263326220214367,59.718406200408936,C:/Users/wing/Desktop/datarealtrain/data-train-type1/val/plastic/plastic130.jpg,3,3
34.81235206127167,3.902270644903183,0.1485104439780116,61.13686561584473,C:/Users/wing/Desktop/datarealtrain/data-train-type1/val/plastic/plastic138.jpg,3,3
1.8723009154200554,1.1684057302772999,0.11795932659879327,96.84132933616638,C:/Users/wing/Desktop/datarealtrain/data-train-type1/val/plastic/plastic142.jpg,3,3
69.67889070510864,9.331489354372025,0.005260932084638625,20.984360575675964,C:/Users/wing/Desktop/datarealtrain/data-train-type1/val/plastic/plastic143.jpg,0,3
26.35083794593811,7.036120444536209,0.09621867793612182,66.51682257652283,C:/Users/wing/Desktop/datarealtrain/data-train-type1/val/plastic/plastic144.jpg,3,3
20.18935978412628,0.3912626765668392,0.006183661025715992,79.41319346427917,C:/Users/wing/Desktop/datarealtrain/data-train-type1/val/plastic/plastic146.jpg,3,3
6.820602715015411,5.847087875008583,0.06164521910250187,87.2706651687622,C:/Users/wing/Desktop/datarealtrain/data-train-type1/val/plastic/plastic149.jpg,3,3
6.060014292597771,11.194990575313568,75.95609426498413,6.788906455039978,C:/Users/wing/Desktop/datarealtrain/data-train-type1/val/plastic/plastic152.jpg,2,3
53.418171405792236,1.1773844249546528,0.03711748286150396,45.36733031272888,C:/Users/wing/Desktop/datarealtrain/data-train-type1/val/plastic/plastic153.jpg,0,3
38.44534456729889,0.692178588360548,0.03388933255337179,60.828590393066406,C:/Users/wing/Desktop/datarealtrain/data-train-type1/val/plastic/plastic154.jpg,3,3
13.878290355205536,0.6730185821652412,0.002168896207876969,85.44651865959167,C:/Users/wing/Desktop/datarealtrain/data-train-type1/val/plastic/plastic156.jpg,3,3
4.958288371562958,0.25120684877038,0.0001235693503076618,94.79037523269653,C:/Users/wing/Desktop/datarealtrain/data-train-type1/val/plastic/plastic157.jpg,3,3
43.787673115730286,0.9992679581046104,0.009656397014623508,55.203402042388916,C:/Users/wing/Desktop/datarealtrain/data-train-type1/val/plastic/plastic158.jpg,3,3
10.925144702196121,0.05621363525278866,0.0013134837899997365,89.01732563972473,C:/Users/wing/Desktop/datarealtrain/data-train-type1/val/plastic/plastic159.jpg,3,3
6.2706612050533295,0.02183908218285069,0.0012773896742146462,93.70622038841248,C:/Users/wing/Desktop/datarealtrain/data-train-type1/val/plastic/plastic168.jpg,3,3
7.37597793340683,3.0175086110830307,9.862489998340607,79.7440230846405,C:/Users/wing/Desktop/datarealtrain/data-train-type1/val/plastic/plastic17.jpg,3,3
4.20270562171936,1.5337953343987465,2.702592685818672,91.5609061717987,C:/Users/wing/Desktop/datarealtrain/data-train-type1/val/plastic/plastic170.jpg,3,3
18.160811066627502,0.036110624205321074,0.033859635004773736,81.7692220211029,C:/Users/wing/Desktop/datarealtrain/data-train-type1/val/plastic/plastic180.jpg,3,3
2.8412364423274994,3.2130707055330276,6.01956881582737,87.92612552642822,C:/Users/wing/Desktop/datarealtrain/data-train-type1/val/plastic/plastic181.jpg,3,3
60.357195138931274,7.994866371154785,1.9122844561934471,29.7356516122818,C:/Users/wing/Desktop/datarealtrain/data-train-type1/val/plastic/plastic197.jpg,0,3
16.912391781806946,13.774797320365906,4.186885058879852,65.12592434883118,C:/Users/wing/Desktop/datarealtrain/data-train-type1/val/plastic/plastic20.jpg,3,3
55.09815812110901,0.42749959975481033,0.06163069629110396,44.41271424293518,C:/Users/wing/Desktop/datarealtrain/data-train-type1/val/plastic/plastic200.jpg,0,3
23.78232479095459,0.853563379496336,0.0809991208370775,75.28311610221863,C:/Users/wing/Desktop/datarealtrain/data-train-type1/val/plastic/plastic201.jpg,3,3
4.106777906417847,0.023996556410565972,0.0031578798370901495,95.86607217788696,C:/Users/wing/Desktop/datarealtrain/data-train-type1/val/plastic/plastic204.jpg,3,3
18.76741051673889,6.880376487970352,37.706443667411804,36.64577007293701,C:/Users/wing/Desktop/datarealtrain/data-train-type1/val/plastic/plastic21.jpg,2,3
0.8134094066917896,0.08472040644846857,0.0201718183234334,99.08169507980347,C:/Users/wing/Desktop/datarealtrain/data-train-type1/val/plastic/plastic213.jpg,3,3
9.789351373910904,3.239930048584938,4.121594503521919,82.84912109375,C:/Users/wing/Desktop/datarealtrain/data-train-type1/val/plastic/plastic214.jpg,3,3
33.00943076610565,6.865778565406799,1.24515937641263,58.879631757736206,C:/Users/wing/Desktop/datarealtrain/data-train-type1/val/plastic/plastic217.jpg,3,3
49.84961748123169,4.481718689203262,0.22844155319035053,45.44021785259247,C:/Users/wing/Desktop/datarealtrain/data-train-type1/val/plastic/plastic219.jpg,0,3
2.0307352766394615,8.437352627515793,15.710192918777466,73.82171750068665,C:/Users/wing/Desktop/datarealtrain/data-train-type1/val/plastic/plastic22.jpg,3,3
42.81964302062988,0.2611505798995495,0.25154517497867346,56.66766166687012,C:/Users/wing/Desktop/datarealtrain/data-train-type1/val/plastic/plastic240.jpg,3,3
0.2730653388425708,0.005505008812178858,0.001402675115969032,99.72002506256104,C:/Users/wing/Desktop/datarealtrain/data-train-type1/val/plastic/plastic249.jpg,3,3
49.27631914615631,0.05542972357943654,0.0034810225770343095,50.66477060317993,C:/Users/wing/Desktop/datarealtrain/data-train-type1/val/plastic/plastic250.jpg,3,3
54.100996255874634,0.1247755833901465,0.009255407348973677,45.764970779418945,C:/Users/wing/Desktop/datarealtrain/data-train-type1/val/plastic/plastic267.jpg,0,3
1.9597794860601425,3.8705430924892426,0.8988317102193832,93.27084422111511,C:/Users/wing/Desktop/datarealtrain/data-train-type1/val/plastic/plastic27.jpg,3,3
0.7865078747272491,0.04666658060159534,0.4957425408065319,98.67108464241028,C:/Users/wing/Desktop/datarealtrain/data-train-type1/val/plastic/plastic284.jpg,3,3
59.89692807197571,0.05132402293384075,0.007812776311766356,40.04393517971039,C:/Users/wing/Desktop/datarealtrain/data-train-type1/val/plastic/plastic285.jpg,0,3
0.6634402088820934,0.0057600893342169,9.171576797962189,90.15922546386719,C:/Users/wing/Desktop/datarealtrain/data-train-type1/val/plastic/plastic29.jpg,3,3
48.043081164360046,0.05987625336274505,0.08006751886568964,51.81697607040405,C:/Users/wing/Desktop/datarealtrain/data-train-type1/val/plastic/plastic3.jpg,3,3
0.7468622177839279,0.03412212536204606,0.5045817233622074,98.71442914009094,C:/Users/wing/Desktop/datarealtrain/data-train-type1/val/plastic/plastic30.jpg,3,3
14.281944930553436,3.973770886659622,0.04313745885156095,81.70114755630493,C:/Users/wing/Desktop/datarealtrain/data-train-type1/val/plastic/plastic305.jpg,3,3
19.46493685245514,49.16049242019653,2.1473197266459465,29.22724187374115,C:/Users/wing/Desktop/datarealtrain/data-train-type1/val/plastic/plastic309.jpg,1,3
6.869111210107803,0.1138044404797256,0.007747784547973424,93.00934076309204,C:/Users/wing/Desktop/datarealtrain/data-train-type1/val/plastic/plastic310.jpg,3,3
2.3114725947380066,0.08710154797881842,0.030027743196114898,97.57139682769775,C:/Users/wing/Desktop/datarealtrain/data-train-type1/val/plastic/plastic311.jpg,3,3
86.18683815002441,0.9929708205163479,0.015426760364789516,12.804777920246124,C:/Users/wing/Desktop/datarealtrain/data-train-type1/val/plastic/plastic312.jpg,0,3
55.6709349155426,0.8938216604292393,0.06560886395163834,43.36963593959808,C:/Users/wing/Desktop/datarealtrain/data-train-type1/val/plastic/plastic314.jpg,0,3
5.96766360104084,0.27486379258334637,0.13603292172774673,93.62143874168396,C:/Users/wing/Desktop/datarealtrain/data-train-type1/val/plastic/plastic315.jpg,3,3
96.54932618141174,0.002216633038187865,0.00016111445120259305,3.448287770152092,C:/Users/wing/Desktop/datarealtrain/data-train-type1/val/plastic/plastic316.jpg,0,3
3.5591818392276764,3.981880843639374,0.10992290917783976,92.34901666641235,C:/Users/wing/Desktop/datarealtrain/data-train-type1/val/plastic/plastic319.jpg,3,3
8.966855704784393,0.14091620687395334,0.02861740067601204,90.86360335350037,C:/Users/wing/Desktop/datarealtrain/data-train-type1/val/plastic/plastic321.jpg,3,3
35.16121208667755,0.10252890642732382,0.17267015064135194,64.56358432769775,C:/Users/wing/Desktop/datarealtrain/data-train-type1/val/plastic/plastic322.jpg,3,3
8.258403092622757,0.5556617397814989,0.6008239462971687,90.58511257171631,C:/Users/wing/Desktop/datarealtrain/data-train-type1/val/plastic/plastic342.jpg,3,3
0.7206626702100039,0.0028635102353291586,0.008190199150703847,99.26828742027283,C:/Users/wing/Desktop/datarealtrain/data-train-type1/val/plastic/plastic344.jpg,3,3
3.934980183839798,25.677555799484253,0.5753147881478071,69.81214880943298,C:/Users/wing/Desktop/datarealtrain/data-train-type1/val/plastic/plastic345.jpg,3,3
24.31817799806595,0.014385354006662965,0.0019116720068268478,75.6655216217041,C:/Users/wing/Desktop/datarealtrain/data-train-type1/val/plastic/plastic346.jpg,3,3
8.932701498270035,0.23725044447928667,0.08218962466344237,90.74786305427551,C:/Users/wing/Desktop/datarealtrain/data-train-type1/val/plastic/plastic373.jpg,3,3
0.4322587978094816,0.08540684939362109,0.036589050432667136,99.4457483291626,C:/Users/wing/Desktop/datarealtrain/data-train-type1/val/plastic/plastic378.jpg,3,3
2.806970104575157,3.3731184899806976,0.07511589792557061,93.74479651451111,C:/Users/wing/Desktop/datarealtrain/data-train-type1/val/plastic/plastic381.jpg,3,3
60.215795040130615,0.03202793304808438,0.0006780991952837212,39.75150287151337,C:/Users/wing/Desktop/datarealtrain/data-train-type1/val/plastic/plastic388.jpg,0,3
2.593781054019928,0.6364929024130106,0.0011681986507028341,96.76855802536011,C:/Users/wing/Desktop/datarealtrain/data-train-type1/val/plastic/plastic391.jpg,3,3
25.020277500152588,0.02860779350157827,0.0025449186068726704,74.94856715202332,C:/Users/wing/Desktop/datarealtrain/data-train-type1/val/plastic/plastic399.jpg,3,3
3.9409231394529343,0.28892760165035725,0.13274955563247204,95.63739895820618,C:/Users/wing/Desktop/datarealtrain/data-train-type1/val/plastic/plastic41.jpg,3,3
50.37623643875122,0.007199584797490388,0.0002909404202000587,49.61627721786499,C:/Users/wing/Desktop/datarealtrain/data-train-type1/val/plastic/plastic416.jpg,0,3
18.777865171432495,0.16622358234599233,0.008875327330315486,81.04703426361084,C:/Users/wing/Desktop/datarealtrain/data-train-type1/val/plastic/plastic417.jpg,3,3
2.4608273059129715,0.054053100757300854,0.24468435440212488,97.2404420375824,C:/Users/wing/Desktop/datarealtrain/data-train-type1/val/plastic/plastic42.jpg,3,3
42.22762584686279,18.78882199525833,0.013986513658892363,38.96956741809845,C:/Users/wing/Desktop/datarealtrain/data-train-type1/val/plastic/plastic420.jpg,0,3
0.36654388532042503,4.133525118231773,0.28803658206015825,95.2118992805481,C:/Users/wing/Desktop/datarealtrain/data-train-type1/val/plastic/plastic426.jpg,3,3
29.790928959846497,0.4808783996850252,0.002258242056996096,69.72593665122986,C:/Users/wing/Desktop/datarealtrain/data-train-type1/val/plastic/plastic430.jpg,3,3
1.7210647463798523,0.43338281102478504,0.005491947376867756,97.84005880355835,C:/Users/wing/Desktop/datarealtrain/data-train-type1/val/plastic/plastic432.jpg,3,3
12.253819406032562,0.3225583117455244,0.001340651033387985,87.42227554321289,C:/Users/wing/Desktop/datarealtrain/data-train-type1/val/plastic/plastic433.jpg,3,3
11.201529204845428,0.13759627472609282,0.008691749826539308,88.65218162536621,C:/Users/wing/Desktop/datarealtrain/data-train-type1/val/plastic/plastic435.jpg,3,3
7.619890570640564,1.7206989228725433,0.12345946161076427,90.53595662117004,C:/Users/wing/Desktop/datarealtrain/data-train-type1/val/plastic/plastic44.jpg,3,3
0.8532979525625706,0.02447642618790269,0.0002931448307208484,99.12193417549133,C:/Users/wing/Desktop/datarealtrain/data-train-type1/val/plastic/plastic440.jpg,3,3
1.7285147681832314,1.2161504477262497,0.49611786380410194,96.55921459197998,C:/Users/wing/Desktop/datarealtrain/data-train-type1/val/plastic/plastic441.jpg,3,3
15.413834154605865,0.0056689583288971335,0.0012946207789354958,84.57920551300049,C:/Users/wing/Desktop/datarealtrain/data-train-type1/val/plastic/plastic455.jpg,3,3
21.548880636692047,5.682343244552612,0.03505928616505116,72.73371815681458,C:/Users/wing/Desktop/datarealtrain/data-train-type1/val/plastic/plastic456.jpg,3,3
40.884941816329956,0.002127833249687683,0.0002287389634147985,59.11269187927246,C:/Users/wing/Desktop/datarealtrain/data-train-type1/val/plastic/plastic457.jpg,3,3
18.543218076229095,2.958322875201702,0.7826368324458599,77.7158260345459,C:/Users/wing/Desktop/datarealtrain/data-train-type1/val/plastic/plastic458.jpg,3,3
36.97980046272278,3.3394750207662582,0.08443848928436637,59.596288204193115,C:/Users/wing/Desktop/datarealtrain/data-train-type1/val/plastic/plastic462.jpg,3,3
9.295633435249329,0.6793638225644827,0.06406434113159776,89.96093273162842,C:/Users/wing/Desktop/datarealtrain/data-train-type1/val/plastic/plastic464.jpg,3,3
1.459744293242693,0.0011737593013094738,0.002099003904731944,98.53698015213013,C:/Users/wing/Desktop/datarealtrain/data-train-type1/val/plastic/plastic472.jpg,3,3
48.84108304977417,0.26821931824088097,0.013316019612830132,50.877392292022705,C:/Users/wing/Desktop/datarealtrain/data-train-type1/val/plastic/plastic478.jpg,3,3
2.459089457988739,6.2751226127147675,0.09472576202824712,91.17106795310974,C:/Users/wing/Desktop/datarealtrain/data-train-type1/val/plastic/plastic483.jpg,3,3
4.145371913909912,0.7007875014096498,0.015734626504126936,95.13810276985168,C:/Users/wing/Desktop/datarealtrain/data-train-type1/val/plastic/plastic50.jpg,3,3
20.342859625816345,1.6726965084671974,0.9037541225552559,77.08068490028381,C:/Users/wing/Desktop/datarealtrain/data-train-type1/val/plastic/plastic505.jpg,3,3
15.85538238286972,0.007172652840381488,0.008764732774579898,84.1286838054657,C:/Users/wing/Desktop/datarealtrain/data-train-type1/val/plastic/plastic506.jpg,3,3
43.212902545928955,28.650018572807312,0.009753837366588414,28.12732458114624,C:/Users/wing/Desktop/datarealtrain/data-train-type1/val/plastic/plastic509.jpg,0,3
2.3823969066143036,0.04197433008812368,0.046802000724710524,97.52882122993469,C:/Users/wing/Desktop/datarealtrain/data-train-type1/val/plastic/plastic510.jpg,3,3
15.777505934238434,21.08205258846283,1.9757792353630066,61.16465926170349,C:/Users/wing/Desktop/datarealtrain/data-train-type1/val/plastic/plastic512.jpg,3,3
2.192970924079418,19.122791290283203,28.78558039665222,49.898651242256165,C:/Users/wing/Desktop/datarealtrain/data-train-type1/val/plastic/plastic535.jpg,3,3
2.0770909264683723,0.6742787081748247,0.01840806071413681,97.23021984100342,C:/Users/wing/Desktop/datarealtrain/data-train-type1/val/plastic/plastic541.jpg,3,3
17.851784825325012,0.4954106640070677,1.6593191772699356,79.99348640441895,C:/Users/wing/Desktop/datarealtrain/data-train-type1/val/plastic/plastic547.jpg,3,3
4.949082061648369,35.12547016143799,14.372676610946655,45.55276930332184,C:/Users/wing/Desktop/datarealtrain/data-train-type1/val/plastic/plastic548.jpg,3,3
1.035505160689354,0.011337917385390028,0.272164773195982,98.68099689483643,C:/Users/wing/Desktop/datarealtrain/data-train-type1/val/plastic/plastic556.jpg,3,3
3.9946742355823517,7.824990153312683,5.617792531847954,82.56254196166992,C:/Users/wing/Desktop/datarealtrain/data-train-type1/val/plastic/plastic56.jpg,3,3
39.04082477092743,10.844017565250397,0.048951234202831984,50.066202878952026,C:/Users/wing/Desktop/datarealtrain/data-train-type1/val/plastic/plastic565.jpg,3,3
10.151958465576172,0.023022077220957726,0.0016369989680242725,89.82337713241577,C:/Users/wing/Desktop/datarealtrain/data-train-type1/val/plastic/plastic568.jpg,3,3
35.8912318944931,0.17755876760929823,0.027628507814370096,63.90358209609985,C:/Users/wing/Desktop/datarealtrain/data-train-type1/val/plastic/plastic573.jpg,3,3
19.79777365922928,35.76861321926117,0.19133383175358176,44.24228370189667,C:/Users/wing/Desktop/datarealtrain/data-train-type1/val/plastic/plastic585.jpg,3,3
1.1277519166469574,1.172967255115509,0.027854155632667243,97.67142534255981,C:/Users/wing/Desktop/datarealtrain/data-train-type1/val/plastic/plastic586.jpg,3,3
32.674360275268555,0.23175266105681658,11.524271219968796,55.569612979888916,C:/Users/wing/Desktop/datarealtrain/data-train-type1/val/plastic/plastic587.jpg,3,3
27.320602536201477,0.015988141240086406,0.01826808729674667,72.64513969421387,C:/Users/wing/Desktop/datarealtrain/data-train-type1/val/plastic/plastic589.jpg,3,3
1.0288316756486893,0.010793893306981772,0.0009523011613055132,98.95942211151123,C:/Users/wing/Desktop/datarealtrain/data-train-type1/val/plastic/plastic67.jpg,3,3
1.8703930079936981,0.44726449996232986,0.018590922991279513,97.66374826431274,C:/Users/wing/Desktop/datarealtrain/data-train-type1/val/plastic/plastic74.jpg,3,3
16.848330199718475,0.05692211561836302,0.0008071836418821476,83.09394717216492,C:/Users/wing/Desktop/datarealtrain/data-train-type1/val/plastic/plastic80.jpg,3,3
1.8928933888673782,0.038651900831609964,0.4615668673068285,97.60688543319702,C:/Users/wing/Desktop/datarealtrain/data-train-type1/val/plastic/plastic83.jpg,3,3
24.585704505443573,0.019413359405007213,0.035096105420961976,75.35978555679321,C:/Users/wing/Desktop/datarealtrain/data-train-type1/val/plastic/plastic84.jpg,3,3
1.126729417592287,0.021509268844965845,0.20105375442653894,98.65070581436157,C:/Users/wing/Desktop/datarealtrain/data-train-type1/val/plastic/plastic85.jpg,3,3
0.3484074492007494,0.26434885803610086,15.176168084144592,84.21107530593872,C:/Users/wing/Desktop/datarealtrain/data-train-type1/val/plastic/plastic93.jpg,3,3
0.40244441479444504,0.021576526341959834,2.7541033923625946,96.82188034057617,C:/Users/wing/Desktop/datarealtrain/data-train-type1/val/plastic/plastic99.jpg,3,3
